expr,time,label,scenario,ped_label,Ngen_total,gen_twin,marR,twin_method,beta,sparse_matrix,kpc,sexR,sim_beta,component,gen_factor
full|ped=1gen|marR=0.8|twin=NULL|beta=TRUE|sparse=FALSE|comp=additive,5193700,full|ped=1gen|marR=0.8|twin=NULL|beta=TRUE|sparse=FALSE|comp=additive,full,1gen,1,1,0.8,NULL,TRUE,FALSE,3,0.5,TRUE,additive,1 gen
full|ped=midgen|marR=0.8|twin=addtwins|beta=TRUE|sparse=TRUE|comp=additive,131487800,full|ped=midgen|marR=0.8|twin=addtwins|beta=TRUE|sparse=TRUE|comp=additive,full,midgen,6,2,0.8,addtwins,TRUE,TRUE,3,0.5,TRUE,additive,6 gen
full|ped=highgen|marR=0.8|twin=NULL|beta=TRUE|sparse=TRUE|comp=additive,200550800,full|ped=highgen|marR=0.8|twin=NULL|beta=TRUE|sparse=TRUE|comp=additive,full,highgen,9,2,0.8,NULL,TRUE,TRUE,3,0.5,TRUE,additive,9 gen
full|ped=midgen|marR=0.8|twin=merging|beta=TRUE|sparse=TRUE|comp=additive,33246100,full|ped=midgen|marR=0.8|twin=merging|beta=TRUE|sparse=TRUE|comp=additive,full,midgen,6,2,0.8,merging,TRUE,TRUE,3,0.5,TRUE,additive,6 gen
full|ped=highgen|marR=0.8|twin=addtwins|beta=TRUE|sparse=FALSE|comp=additive,265404000,full|ped=highgen|marR=0.8|twin=addtwins|beta=TRUE|sparse=FALSE|comp=additive,full,highgen,9,2,0.8,addtwins,TRUE,FALSE,3,0.5,TRUE,additive,9 gen
full|ped=1gen|marR=0.8|twin=addtwins|beta=TRUE|sparse=TRUE|comp=additive,3308500,full|ped=1gen|marR=0.8|twin=addtwins|beta=TRUE|sparse=TRUE|comp=additive,full,1gen,1,1,0.8,addtwins,TRUE,TRUE,3,0.5,TRUE,additive,1 gen
full|ped=1gen|marR=0.8|twin=merging|beta=TRUE|sparse=TRUE|comp=additive,3050700,full|ped=1gen|marR=0.8|twin=merging|beta=TRUE|sparse=TRUE|comp=additive,full,1gen,1,1,0.8,merging,TRUE,TRUE,3,0.5,TRUE,additive,1 gen
full|ped=highgen|marR=0.8|twin=merging|beta=TRUE|sparse=FALSE|comp=additive,299917100,full|ped=highgen|marR=0.8|twin=merging|beta=TRUE|sparse=FALSE|comp=additive,full,highgen,9,2,0.8,merging,TRUE,FALSE,3,0.5,TRUE,additive,9 gen
full|ped=midgen|marR=0.8|twin=NULL|beta=TRUE|sparse=FALSE|comp=additive,9667300,full|ped=midgen|marR=0.8|twin=NULL|beta=TRUE|sparse=FALSE|comp=additive,full,midgen,6,2,0.8,NULL,TRUE,FALSE,3,0.5,TRUE,additive,6 gen
full|ped=lowgen|marR=0.8|twin=NULL|beta=TRUE|sparse=FALSE|comp=additive,4743000,full|ped=lowgen|marR=0.8|twin=NULL|beta=TRUE|sparse=FALSE|comp=additive,full,lowgen,3,2,0.8,NULL,TRUE,FALSE,3,0.5,TRUE,additive,3 gen
full|ped=highgen|marR=0.8|twin=NULL|beta=TRUE|sparse=FALSE|comp=additive,240996200,full|ped=highgen|marR=0.8|twin=NULL|beta=TRUE|sparse=FALSE|comp=additive,full,highgen,9,2,0.8,NULL,TRUE,FALSE,3,0.5,TRUE,additive,9 gen
full|ped=1gen|marR=0.8|twin=merging|beta=TRUE|sparse=FALSE|comp=additive,3591800,full|ped=1gen|marR=0.8|twin=merging|beta=TRUE|sparse=FALSE|comp=additive,full,1gen,1,1,0.8,merging,TRUE,FALSE,3,0.5,TRUE,additive,1 gen
full|ped=midgen|marR=0.8|twin=addtwins|beta=TRUE|sparse=FALSE|comp=additive,10553200,full|ped=midgen|marR=0.8|twin=addtwins|beta=TRUE|sparse=FALSE|comp=additive,full,midgen,6,2,0.8,addtwins,TRUE,FALSE,3,0.5,TRUE,additive,6 gen
full|ped=highgen|marR=0.8|twin=addtwins|beta=TRUE|sparse=TRUE|comp=additive,806232200,full|ped=highgen|marR=0.8|twin=addtwins|beta=TRUE|sparse=TRUE|comp=additive,full,highgen,9,2,0.8,addtwins,TRUE,TRUE,3,0.5,TRUE,additive,9 gen
full|ped=1gen|marR=0.8|twin=addtwins|beta=TRUE|sparse=TRUE|comp=additive,3584500,full|ped=1gen|marR=0.8|twin=addtwins|beta=TRUE|sparse=TRUE|comp=additive,full,1gen,1,1,0.8,addtwins,TRUE,TRUE,3,0.5,TRUE,additive,1 gen
full|ped=highgen|marR=0.8|twin=addtwins|beta=TRUE|sparse=FALSE|comp=additive,281205300,full|ped=highgen|marR=0.8|twin=addtwins|beta=TRUE|sparse=FALSE|comp=additive,full,highgen,9,2,0.8,addtwins,TRUE,FALSE,3,0.5,TRUE,additive,9 gen
full|ped=lowgen|marR=0.8|twin=merging|beta=TRUE|sparse=FALSE|comp=additive,5490000,full|ped=lowgen|marR=0.8|twin=merging|beta=TRUE|sparse=FALSE|comp=additive,full,lowgen,3,2,0.8,merging,TRUE,FALSE,3,0.5,TRUE,additive,3 gen
full|ped=lowgen|marR=0.8|twin=merging|beta=TRUE|sparse=FALSE|comp=additive,5881600,full|ped=lowgen|marR=0.8|twin=merging|beta=TRUE|sparse=FALSE|comp=additive,full,lowgen,3,2,0.8,merging,TRUE,FALSE,3,0.5,TRUE,additive,3 gen
full|ped=1gen|marR=0.8|twin=merging|beta=TRUE|sparse=TRUE|comp=additive,4001300,full|ped=1gen|marR=0.8|twin=merging|beta=TRUE|sparse=TRUE|comp=additive,full,1gen,1,1,0.8,merging,TRUE,TRUE,3,0.5,TRUE,additive,1 gen
full|ped=1gen|marR=0.8|twin=NULL|beta=TRUE|sparse=FALSE|comp=additive,4001900,full|ped=1gen|marR=0.8|twin=NULL|beta=TRUE|sparse=FALSE|comp=additive,full,1gen,1,1,0.8,NULL,TRUE,FALSE,3,0.5,TRUE,additive,1 gen
full|ped=1gen|marR=0.8|twin=merging|beta=TRUE|sparse=FALSE|comp=additive,5674200,full|ped=1gen|marR=0.8|twin=merging|beta=TRUE|sparse=FALSE|comp=additive,full,1gen,1,1,0.8,merging,TRUE,FALSE,3,0.5,TRUE,additive,1 gen
full|ped=highgen|marR=0.8|twin=addtwins|beta=TRUE|sparse=TRUE|comp=additive,812582500,full|ped=highgen|marR=0.8|twin=addtwins|beta=TRUE|sparse=TRUE|comp=additive,full,highgen,9,2,0.8,addtwins,TRUE,TRUE,3,0.5,TRUE,additive,9 gen
full|ped=highgen|marR=0.8|twin=NULL|beta=TRUE|sparse=FALSE|comp=additive,232740200,full|ped=highgen|marR=0.8|twin=NULL|beta=TRUE|sparse=FALSE|comp=additive,full,highgen,9,2,0.8,NULL,TRUE,FALSE,3,0.5,TRUE,additive,9 gen
full|ped=highgen|marR=0.8|twin=merging|beta=TRUE|sparse=FALSE|comp=additive,241801000,full|ped=highgen|marR=0.8|twin=merging|beta=TRUE|sparse=FALSE|comp=additive,full,highgen,9,2,0.8,merging,TRUE,FALSE,3,0.5,TRUE,additive,9 gen
full|ped=highgen|marR=0.8|twin=merging|beta=TRUE|sparse=TRUE|comp=additive,16194432400,full|ped=highgen|marR=0.8|twin=merging|beta=TRUE|sparse=TRUE|comp=additive,full,highgen,9,2,0.8,merging,TRUE,TRUE,3,0.5,TRUE,additive,9 gen
full|ped=1gen|marR=0.8|twin=merging|beta=TRUE|sparse=TRUE|comp=additive,3072000,full|ped=1gen|marR=0.8|twin=merging|beta=TRUE|sparse=TRUE|comp=additive,full,1gen,1,1,0.8,merging,TRUE,TRUE,3,0.5,TRUE,additive,1 gen
full|ped=midgen|marR=0.8|twin=merging|beta=TRUE|sparse=FALSE|comp=additive,8754800,full|ped=midgen|marR=0.8|twin=merging|beta=TRUE|sparse=FALSE|comp=additive,full,midgen,6,2,0.8,merging,TRUE,FALSE,3,0.5,TRUE,additive,6 gen
full|ped=highgen|marR=0.8|twin=addtwins|beta=TRUE|sparse=TRUE|comp=additive,796290700,full|ped=highgen|marR=0.8|twin=addtwins|beta=TRUE|sparse=TRUE|comp=additive,full,highgen,9,2,0.8,addtwins,TRUE,TRUE,3,0.5,TRUE,additive,9 gen
full|ped=1gen|marR=0.8|twin=NULL|beta=TRUE|sparse=TRUE|comp=additive,3108200,full|ped=1gen|marR=0.8|twin=NULL|beta=TRUE|sparse=TRUE|comp=additive,full,1gen,1,1,0.8,NULL,TRUE,TRUE,3,0.5,TRUE,additive,1 gen
full|ped=midgen|marR=0.8|twin=merging|beta=TRUE|sparse=TRUE|comp=additive,22555200,full|ped=midgen|marR=0.8|twin=merging|beta=TRUE|sparse=TRUE|comp=additive,full,midgen,6,2,0.8,merging,TRUE,TRUE,3,0.5,TRUE,additive,6 gen
full|ped=midgen|marR=0.8|twin=addtwins|beta=TRUE|sparse=TRUE|comp=additive,12737500,full|ped=midgen|marR=0.8|twin=addtwins|beta=TRUE|sparse=TRUE|comp=additive,full,midgen,6,2,0.8,addtwins,TRUE,TRUE,3,0.5,TRUE,additive,6 gen
full|ped=lowgen|marR=0.8|twin=NULL|beta=TRUE|sparse=TRUE|comp=additive,3831300,full|ped=lowgen|marR=0.8|twin=NULL|beta=TRUE|sparse=TRUE|comp=additive,full,lowgen,3,2,0.8,NULL,TRUE,TRUE,3,0.5,TRUE,additive,3 gen
full|ped=lowgen|marR=0.8|twin=addtwins|beta=TRUE|sparse=FALSE|comp=additive,4807100,full|ped=lowgen|marR=0.8|twin=addtwins|beta=TRUE|sparse=FALSE|comp=additive,full,lowgen,3,2,0.8,addtwins,TRUE,FALSE,3,0.5,TRUE,additive,3 gen
full|ped=1gen|marR=0.8|twin=addtwins|beta=TRUE|sparse=TRUE|comp=additive,3046500,full|ped=1gen|marR=0.8|twin=addtwins|beta=TRUE|sparse=TRUE|comp=additive,full,1gen,1,1,0.8,addtwins,TRUE,TRUE,3,0.5,TRUE,additive,1 gen
full|ped=lowgen|marR=0.8|twin=merging|beta=TRUE|sparse=FALSE|comp=additive,4614300,full|ped=lowgen|marR=0.8|twin=merging|beta=TRUE|sparse=FALSE|comp=additive,full,lowgen,3,2,0.8,merging,TRUE,FALSE,3,0.5,TRUE,additive,3 gen
full|ped=highgen|marR=0.8|twin=merging|beta=TRUE|sparse=FALSE|comp=additive,239273500,full|ped=highgen|marR=0.8|twin=merging|beta=TRUE|sparse=FALSE|comp=additive,full,highgen,9,2,0.8,merging,TRUE,FALSE,3,0.5,TRUE,additive,9 gen
full|ped=midgen|marR=0.8|twin=NULL|beta=TRUE|sparse=FALSE|comp=additive,8599200,full|ped=midgen|marR=0.8|twin=NULL|beta=TRUE|sparse=FALSE|comp=additive,full,midgen,6,2,0.8,NULL,TRUE,FALSE,3,0.5,TRUE,additive,6 gen
full|ped=highgen|marR=0.8|twin=merging|beta=TRUE|sparse=TRUE|comp=additive,14954962200,full|ped=highgen|marR=0.8|twin=merging|beta=TRUE|sparse=TRUE|comp=additive,full,highgen,9,2,0.8,merging,TRUE,TRUE,3,0.5,TRUE,additive,9 gen
full|ped=midgen|marR=0.8|twin=merging|beta=TRUE|sparse=TRUE|comp=additive,22598800,full|ped=midgen|marR=0.8|twin=merging|beta=TRUE|sparse=TRUE|comp=additive,full,midgen,6,2,0.8,merging,TRUE,TRUE,3,0.5,TRUE,additive,6 gen
full|ped=1gen|marR=0.8|twin=NULL|beta=TRUE|sparse=TRUE|comp=additive,2866500,full|ped=1gen|marR=0.8|twin=NULL|beta=TRUE|sparse=TRUE|comp=additive,full,1gen,1,1,0.8,NULL,TRUE,TRUE,3,0.5,TRUE,additive,1 gen
full|ped=lowgen|marR=0.8|twin=NULL|beta=TRUE|sparse=FALSE|comp=additive,3651200,full|ped=lowgen|marR=0.8|twin=NULL|beta=TRUE|sparse=FALSE|comp=additive,full,lowgen,3,2,0.8,NULL,TRUE,FALSE,3,0.5,TRUE,additive,3 gen
full|ped=highgen|marR=0.8|twin=NULL|beta=TRUE|sparse=TRUE|comp=additive,199487400,full|ped=highgen|marR=0.8|twin=NULL|beta=TRUE|sparse=TRUE|comp=additive,full,highgen,9,2,0.8,NULL,TRUE,TRUE,3,0.5,TRUE,additive,9 gen
full|ped=midgen|marR=0.8|twin=NULL|beta=TRUE|sparse=TRUE|comp=additive,8429800,full|ped=midgen|marR=0.8|twin=NULL|beta=TRUE|sparse=TRUE|comp=additive,full,midgen,6,2,0.8,NULL,TRUE,TRUE,3,0.5,TRUE,additive,6 gen
full|ped=highgen|marR=0.8|twin=merging|beta=TRUE|sparse=FALSE|comp=additive,246915400,full|ped=highgen|marR=0.8|twin=merging|beta=TRUE|sparse=FALSE|comp=additive,full,highgen,9,2,0.8,merging,TRUE,FALSE,3,0.5,TRUE,additive,9 gen
full|ped=midgen|marR=0.8|twin=merging|beta=TRUE|sparse=FALSE|comp=additive,9151500,full|ped=midgen|marR=0.8|twin=merging|beta=TRUE|sparse=FALSE|comp=additive,full,midgen,6,2,0.8,merging,TRUE,FALSE,3,0.5,TRUE,additive,6 gen
full|ped=midgen|marR=0.8|twin=NULL|beta=TRUE|sparse=FALSE|comp=additive,8081200,full|ped=midgen|marR=0.8|twin=NULL|beta=TRUE|sparse=FALSE|comp=additive,full,midgen,6,2,0.8,NULL,TRUE,FALSE,3,0.5,TRUE,additive,6 gen
full|ped=1gen|marR=0.8|twin=merging|beta=TRUE|sparse=TRUE|comp=additive,2786700,full|ped=1gen|marR=0.8|twin=merging|beta=TRUE|sparse=TRUE|comp=additive,full,1gen,1,1,0.8,merging,TRUE,TRUE,3,0.5,TRUE,additive,1 gen
full|ped=highgen|marR=0.8|twin=merging|beta=TRUE|sparse=FALSE|comp=additive,243381600,full|ped=highgen|marR=0.8|twin=merging|beta=TRUE|sparse=FALSE|comp=additive,full,highgen,9,2,0.8,merging,TRUE,FALSE,3,0.5,TRUE,additive,9 gen
full|ped=midgen|marR=0.8|twin=NULL|beta=TRUE|sparse=TRUE|comp=additive,8603300,full|ped=midgen|marR=0.8|twin=NULL|beta=TRUE|sparse=TRUE|comp=additive,full,midgen,6,2,0.8,NULL,TRUE,TRUE,3,0.5,TRUE,additive,6 gen
full|ped=highgen|marR=0.8|twin=addtwins|beta=TRUE|sparse=FALSE|comp=additive,264841500,full|ped=highgen|marR=0.8|twin=addtwins|beta=TRUE|sparse=FALSE|comp=additive,full,highgen,9,2,0.8,addtwins,TRUE,FALSE,3,0.5,TRUE,additive,9 gen
full|ped=1gen|marR=0.8|twin=NULL|beta=TRUE|sparse=TRUE|comp=additive,3226500,full|ped=1gen|marR=0.8|twin=NULL|beta=TRUE|sparse=TRUE|comp=additive,full,1gen,1,1,0.8,NULL,TRUE,TRUE,3,0.5,TRUE,additive,1 gen
full|ped=lowgen|marR=0.8|twin=merging|beta=TRUE|sparse=FALSE|comp=additive,4256700,full|ped=lowgen|marR=0.8|twin=merging|beta=TRUE|sparse=FALSE|comp=additive,full,lowgen,3,2,0.8,merging,TRUE,FALSE,3,0.5,TRUE,additive,3 gen
full|ped=highgen|marR=0.8|twin=addtwins|beta=TRUE|sparse=FALSE|comp=additive,274023400,full|ped=highgen|marR=0.8|twin=addtwins|beta=TRUE|sparse=FALSE|comp=additive,full,highgen,9,2,0.8,addtwins,TRUE,FALSE,3,0.5,TRUE,additive,9 gen
full|ped=lowgen|marR=0.8|twin=NULL|beta=TRUE|sparse=FALSE|comp=additive,4190500,full|ped=lowgen|marR=0.8|twin=NULL|beta=TRUE|sparse=FALSE|comp=additive,full,lowgen,3,2,0.8,NULL,TRUE,FALSE,3,0.5,TRUE,additive,3 gen
full|ped=1gen|marR=0.8|twin=merging|beta=TRUE|sparse=FALSE|comp=additive,3096900,full|ped=1gen|marR=0.8|twin=merging|beta=TRUE|sparse=FALSE|comp=additive,full,1gen,1,1,0.8,merging,TRUE,FALSE,3,0.5,TRUE,additive,1 gen
full|ped=midgen|marR=0.8|twin=NULL|beta=TRUE|sparse=FALSE|comp=additive,9142900,full|ped=midgen|marR=0.8|twin=NULL|beta=TRUE|sparse=FALSE|comp=additive,full,midgen,6,2,0.8,NULL,TRUE,FALSE,3,0.5,TRUE,additive,6 gen
full|ped=1gen|marR=0.8|twin=addtwins|beta=TRUE|sparse=TRUE|comp=additive,3339800,full|ped=1gen|marR=0.8|twin=addtwins|beta=TRUE|sparse=TRUE|comp=additive,full,1gen,1,1,0.8,addtwins,TRUE,TRUE,3,0.5,TRUE,additive,1 gen
full|ped=1gen|marR=0.8|twin=NULL|beta=TRUE|sparse=FALSE|comp=additive,3289200,full|ped=1gen|marR=0.8|twin=NULL|beta=TRUE|sparse=FALSE|comp=additive,full,1gen,1,1,0.8,NULL,TRUE,FALSE,3,0.5,TRUE,additive,1 gen
full|ped=lowgen|marR=0.8|twin=merging|beta=TRUE|sparse=FALSE|comp=additive,4760500,full|ped=lowgen|marR=0.8|twin=merging|beta=TRUE|sparse=FALSE|comp=additive,full,lowgen,3,2,0.8,merging,TRUE,FALSE,3,0.5,TRUE,additive,3 gen
full|ped=highgen|marR=0.8|twin=NULL|beta=TRUE|sparse=TRUE|comp=additive,204123300,full|ped=highgen|marR=0.8|twin=NULL|beta=TRUE|sparse=TRUE|comp=additive,full,highgen,9,2,0.8,NULL,TRUE,TRUE,3,0.5,TRUE,additive,9 gen
full|ped=highgen|marR=0.8|twin=merging|beta=TRUE|sparse=TRUE|comp=additive,15474473600,full|ped=highgen|marR=0.8|twin=merging|beta=TRUE|sparse=TRUE|comp=additive,full,highgen,9,2,0.8,merging,TRUE,TRUE,3,0.5,TRUE,additive,9 gen
full|ped=highgen|marR=0.8|twin=addtwins|beta=TRUE|sparse=TRUE|comp=additive,832769400,full|ped=highgen|marR=0.8|twin=addtwins|beta=TRUE|sparse=TRUE|comp=additive,full,highgen,9,2,0.8,addtwins,TRUE,TRUE,3,0.5,TRUE,additive,9 gen
full|ped=midgen|marR=0.8|twin=addtwins|beta=TRUE|sparse=FALSE|comp=additive,9884700,full|ped=midgen|marR=0.8|twin=addtwins|beta=TRUE|sparse=FALSE|comp=additive,full,midgen,6,2,0.8,addtwins,TRUE,FALSE,3,0.5,TRUE,additive,6 gen
full|ped=lowgen|marR=0.8|twin=NULL|beta=TRUE|sparse=FALSE|comp=additive,3918200,full|ped=lowgen|marR=0.8|twin=NULL|beta=TRUE|sparse=FALSE|comp=additive,full,lowgen,3,2,0.8,NULL,TRUE,FALSE,3,0.5,TRUE,additive,3 gen
full|ped=1gen|marR=0.8|twin=merging|beta=TRUE|sparse=FALSE|comp=additive,2980800,full|ped=1gen|marR=0.8|twin=merging|beta=TRUE|sparse=FALSE|comp=additive,full,1gen,1,1,0.8,merging,TRUE,FALSE,3,0.5,TRUE,additive,1 gen
full|ped=midgen|marR=0.8|twin=NULL|beta=TRUE|sparse=FALSE|comp=additive,8417600,full|ped=midgen|marR=0.8|twin=NULL|beta=TRUE|sparse=FALSE|comp=additive,full,midgen,6,2,0.8,NULL,TRUE,FALSE,3,0.5,TRUE,additive,6 gen
full|ped=highgen|marR=0.8|twin=NULL|beta=TRUE|sparse=FALSE|comp=additive,229360100,full|ped=highgen|marR=0.8|twin=NULL|beta=TRUE|sparse=FALSE|comp=additive,full,highgen,9,2,0.8,NULL,TRUE,FALSE,3,0.5,TRUE,additive,9 gen
full|ped=1gen|marR=0.8|twin=merging|beta=TRUE|sparse=TRUE|comp=additive,3390600,full|ped=1gen|marR=0.8|twin=merging|beta=TRUE|sparse=TRUE|comp=additive,full,1gen,1,1,0.8,merging,TRUE,TRUE,3,0.5,TRUE,additive,1 gen
full|ped=midgen|marR=0.8|twin=NULL|beta=TRUE|sparse=TRUE|comp=additive,8407800,full|ped=midgen|marR=0.8|twin=NULL|beta=TRUE|sparse=TRUE|comp=additive,full,midgen,6,2,0.8,NULL,TRUE,TRUE,3,0.5,TRUE,additive,6 gen
full|ped=1gen|marR=0.8|twin=addtwins|beta=TRUE|sparse=FALSE|comp=additive,3201200,full|ped=1gen|marR=0.8|twin=addtwins|beta=TRUE|sparse=FALSE|comp=additive,full,1gen,1,1,0.8,addtwins,TRUE,FALSE,3,0.5,TRUE,additive,1 gen
full|ped=lowgen|marR=0.8|twin=addtwins|beta=TRUE|sparse=TRUE|comp=additive,6438200,full|ped=lowgen|marR=0.8|twin=addtwins|beta=TRUE|sparse=TRUE|comp=additive,full,lowgen,3,2,0.8,addtwins,TRUE,TRUE,3,0.5,TRUE,additive,3 gen
full|ped=lowgen|marR=0.8|twin=NULL|beta=TRUE|sparse=FALSE|comp=additive,3752900,full|ped=lowgen|marR=0.8|twin=NULL|beta=TRUE|sparse=FALSE|comp=additive,full,lowgen,3,2,0.8,NULL,TRUE,FALSE,3,0.5,TRUE,additive,3 gen
full|ped=lowgen|marR=0.8|twin=NULL|beta=TRUE|sparse=TRUE|comp=additive,3607300,full|ped=lowgen|marR=0.8|twin=NULL|beta=TRUE|sparse=TRUE|comp=additive,full,lowgen,3,2,0.8,NULL,TRUE,TRUE,3,0.5,TRUE,additive,3 gen
full|ped=midgen|marR=0.8|twin=addtwins|beta=TRUE|sparse=FALSE|comp=additive,9281600,full|ped=midgen|marR=0.8|twin=addtwins|beta=TRUE|sparse=FALSE|comp=additive,full,midgen,6,2,0.8,addtwins,TRUE,FALSE,3,0.5,TRUE,additive,6 gen
full|ped=lowgen|marR=0.8|twin=NULL|beta=TRUE|sparse=FALSE|comp=additive,3874000,full|ped=lowgen|marR=0.8|twin=NULL|beta=TRUE|sparse=FALSE|comp=additive,full,lowgen,3,2,0.8,NULL,TRUE,FALSE,3,0.5,TRUE,additive,3 gen
full|ped=highgen|marR=0.8|twin=merging|beta=TRUE|sparse=FALSE|comp=additive,249898300,full|ped=highgen|marR=0.8|twin=merging|beta=TRUE|sparse=FALSE|comp=additive,full,highgen,9,2,0.8,merging,TRUE,FALSE,3,0.5,TRUE,additive,9 gen
full|ped=highgen|marR=0.8|twin=merging|beta=TRUE|sparse=FALSE|comp=additive,252835100,full|ped=highgen|marR=0.8|twin=merging|beta=TRUE|sparse=FALSE|comp=additive,full,highgen,9,2,0.8,merging,TRUE,FALSE,3,0.5,TRUE,additive,9 gen
full|ped=lowgen|marR=0.8|twin=addtwins|beta=TRUE|sparse=TRUE|comp=additive,7329300,full|ped=lowgen|marR=0.8|twin=addtwins|beta=TRUE|sparse=TRUE|comp=additive,full,lowgen,3,2,0.8,addtwins,TRUE,TRUE,3,0.5,TRUE,additive,3 gen
full|ped=midgen|marR=0.8|twin=addtwins|beta=TRUE|sparse=TRUE|comp=additive,13978000,full|ped=midgen|marR=0.8|twin=addtwins|beta=TRUE|sparse=TRUE|comp=additive,full,midgen,6,2,0.8,addtwins,TRUE,TRUE,3,0.5,TRUE,additive,6 gen
full|ped=midgen|marR=0.8|twin=addtwins|beta=TRUE|sparse=TRUE|comp=additive,14059600,full|ped=midgen|marR=0.8|twin=addtwins|beta=TRUE|sparse=TRUE|comp=additive,full,midgen,6,2,0.8,addtwins,TRUE,TRUE,3,0.5,TRUE,additive,6 gen
full|ped=midgen|marR=0.8|twin=addtwins|beta=TRUE|sparse=TRUE|comp=additive,13865100,full|ped=midgen|marR=0.8|twin=addtwins|beta=TRUE|sparse=TRUE|comp=additive,full,midgen,6,2,0.8,addtwins,TRUE,TRUE,3,0.5,TRUE,additive,6 gen
full|ped=midgen|marR=0.8|twin=NULL|beta=TRUE|sparse=TRUE|comp=additive,8586500,full|ped=midgen|marR=0.8|twin=NULL|beta=TRUE|sparse=TRUE|comp=additive,full,midgen,6,2,0.8,NULL,TRUE,TRUE,3,0.5,TRUE,additive,6 gen
full|ped=1gen|marR=0.8|twin=NULL|beta=TRUE|sparse=FALSE|comp=additive,2910800,full|ped=1gen|marR=0.8|twin=NULL|beta=TRUE|sparse=FALSE|comp=additive,full,1gen,1,1,0.8,NULL,TRUE,FALSE,3,0.5,TRUE,additive,1 gen
full|ped=midgen|marR=0.8|twin=NULL|beta=TRUE|sparse=TRUE|comp=additive,8248400,full|ped=midgen|marR=0.8|twin=NULL|beta=TRUE|sparse=TRUE|comp=additive,full,midgen,6,2,0.8,NULL,TRUE,TRUE,3,0.5,TRUE,additive,6 gen
full|ped=midgen|marR=0.8|twin=addtwins|beta=TRUE|sparse=FALSE|comp=additive,9527300,full|ped=midgen|marR=0.8|twin=addtwins|beta=TRUE|sparse=FALSE|comp=additive,full,midgen,6,2,0.8,addtwins,TRUE,FALSE,3,0.5,TRUE,additive,6 gen
full|ped=highgen|marR=0.8|twin=addtwins|beta=TRUE|sparse=FALSE|comp=additive,271854000,full|ped=highgen|marR=0.8|twin=addtwins|beta=TRUE|sparse=FALSE|comp=additive,full,highgen,9,2,0.8,addtwins,TRUE,FALSE,3,0.5,TRUE,additive,9 gen
full|ped=midgen|marR=0.8|twin=merging|beta=TRUE|sparse=FALSE|comp=additive,9822600,full|ped=midgen|marR=0.8|twin=merging|beta=TRUE|sparse=FALSE|comp=additive,full,midgen,6,2,0.8,merging,TRUE,FALSE,3,0.5,TRUE,additive,6 gen
full|ped=1gen|marR=0.8|twin=NULL|beta=TRUE|sparse=TRUE|comp=additive,3057100,full|ped=1gen|marR=0.8|twin=NULL|beta=TRUE|sparse=TRUE|comp=additive,full,1gen,1,1,0.8,NULL,TRUE,TRUE,3,0.5,TRUE,additive,1 gen
full|ped=1gen|marR=0.8|twin=merging|beta=TRUE|sparse=FALSE|comp=additive,3647300,full|ped=1gen|marR=0.8|twin=merging|beta=TRUE|sparse=FALSE|comp=additive,full,1gen,1,1,0.8,merging,TRUE,FALSE,3,0.5,TRUE,additive,1 gen
full|ped=1gen|marR=0.8|twin=addtwins|beta=TRUE|sparse=TRUE|comp=additive,3088300,full|ped=1gen|marR=0.8|twin=addtwins|beta=TRUE|sparse=TRUE|comp=additive,full,1gen,1,1,0.8,addtwins,TRUE,TRUE,3,0.5,TRUE,additive,1 gen
full|ped=lowgen|marR=0.8|twin=NULL|beta=TRUE|sparse=TRUE|comp=additive,3793400,full|ped=lowgen|marR=0.8|twin=NULL|beta=TRUE|sparse=TRUE|comp=additive,full,lowgen,3,2,0.8,NULL,TRUE,TRUE,3,0.5,TRUE,additive,3 gen
full|ped=1gen|marR=0.8|twin=NULL|beta=TRUE|sparse=FALSE|comp=additive,2992000,full|ped=1gen|marR=0.8|twin=NULL|beta=TRUE|sparse=FALSE|comp=additive,full,1gen,1,1,0.8,NULL,TRUE,FALSE,3,0.5,TRUE,additive,1 gen
full|ped=1gen|marR=0.8|twin=NULL|beta=TRUE|sparse=TRUE|comp=additive,3048600,full|ped=1gen|marR=0.8|twin=NULL|beta=TRUE|sparse=TRUE|comp=additive,full,1gen,1,1,0.8,NULL,TRUE,TRUE,3,0.5,TRUE,additive,1 gen
full|ped=1gen|marR=0.8|twin=NULL|beta=TRUE|sparse=FALSE|comp=additive,3690500,full|ped=1gen|marR=0.8|twin=NULL|beta=TRUE|sparse=FALSE|comp=additive,full,1gen,1,1,0.8,NULL,TRUE,FALSE,3,0.5,TRUE,additive,1 gen
full|ped=lowgen|marR=0.8|twin=merging|beta=TRUE|sparse=TRUE|comp=additive,6298200,full|ped=lowgen|marR=0.8|twin=merging|beta=TRUE|sparse=TRUE|comp=additive,full,lowgen,3,2,0.8,merging,TRUE,TRUE,3,0.5,TRUE,additive,3 gen
full|ped=lowgen|marR=0.8|twin=addtwins|beta=TRUE|sparse=TRUE|comp=additive,6703600,full|ped=lowgen|marR=0.8|twin=addtwins|beta=TRUE|sparse=TRUE|comp=additive,full,lowgen,3,2,0.8,addtwins,TRUE,TRUE,3,0.5,TRUE,additive,3 gen
full|ped=lowgen|marR=0.8|twin=merging|beta=TRUE|sparse=FALSE|comp=additive,5299200,full|ped=lowgen|marR=0.8|twin=merging|beta=TRUE|sparse=FALSE|comp=additive,full,lowgen,3,2,0.8,merging,TRUE,FALSE,3,0.5,TRUE,additive,3 gen
full|ped=midgen|marR=0.8|twin=addtwins|beta=TRUE|sparse=FALSE|comp=additive,10296200,full|ped=midgen|marR=0.8|twin=addtwins|beta=TRUE|sparse=FALSE|comp=additive,full,midgen,6,2,0.8,addtwins,TRUE,FALSE,3,0.5,TRUE,additive,6 gen
full|ped=highgen|marR=0.8|twin=NULL|beta=TRUE|sparse=FALSE|comp=additive,248843900,full|ped=highgen|marR=0.8|twin=NULL|beta=TRUE|sparse=FALSE|comp=additive,full,highgen,9,2,0.8,NULL,TRUE,FALSE,3,0.5,TRUE,additive,9 gen
full|ped=1gen|marR=0.8|twin=addtwins|beta=TRUE|sparse=FALSE|comp=additive,3668800,full|ped=1gen|marR=0.8|twin=addtwins|beta=TRUE|sparse=FALSE|comp=additive,full,1gen,1,1,0.8,addtwins,TRUE,FALSE,3,0.5,TRUE,additive,1 gen
full|ped=lowgen|marR=0.8|twin=addtwins|beta=TRUE|sparse=FALSE|comp=additive,4896200,full|ped=lowgen|marR=0.8|twin=addtwins|beta=TRUE|sparse=FALSE|comp=additive,full,lowgen,3,2,0.8,addtwins,TRUE,FALSE,3,0.5,TRUE,additive,3 gen
full|ped=highgen|marR=0.8|twin=merging|beta=TRUE|sparse=TRUE|comp=additive,15864699300,full|ped=highgen|marR=0.8|twin=merging|beta=TRUE|sparse=TRUE|comp=additive,full,highgen,9,2,0.8,merging,TRUE,TRUE,3,0.5,TRUE,additive,9 gen
full|ped=midgen|marR=0.8|twin=addtwins|beta=TRUE|sparse=FALSE|comp=additive,9714400,full|ped=midgen|marR=0.8|twin=addtwins|beta=TRUE|sparse=FALSE|comp=additive,full,midgen,6,2,0.8,addtwins,TRUE,FALSE,3,0.5,TRUE,additive,6 gen
full|ped=lowgen|marR=0.8|twin=merging|beta=TRUE|sparse=TRUE|comp=additive,5671400,full|ped=lowgen|marR=0.8|twin=merging|beta=TRUE|sparse=TRUE|comp=additive,full,lowgen,3,2,0.8,merging,TRUE,TRUE,3,0.5,TRUE,additive,3 gen
full|ped=midgen|marR=0.8|twin=addtwins|beta=TRUE|sparse=TRUE|comp=additive,13332400,full|ped=midgen|marR=0.8|twin=addtwins|beta=TRUE|sparse=TRUE|comp=additive,full,midgen,6,2,0.8,addtwins,TRUE,TRUE,3,0.5,TRUE,additive,6 gen
full|ped=1gen|marR=0.8|twin=addtwins|beta=TRUE|sparse=FALSE|comp=additive,2889600,full|ped=1gen|marR=0.8|twin=addtwins|beta=TRUE|sparse=FALSE|comp=additive,full,1gen,1,1,0.8,addtwins,TRUE,FALSE,3,0.5,TRUE,additive,1 gen
full|ped=lowgen|marR=0.8|twin=NULL|beta=TRUE|sparse=FALSE|comp=additive,3596500,full|ped=lowgen|marR=0.8|twin=NULL|beta=TRUE|sparse=FALSE|comp=additive,full,lowgen,3,2,0.8,NULL,TRUE,FALSE,3,0.5,TRUE,additive,3 gen
full|ped=lowgen|marR=0.8|twin=merging|beta=TRUE|sparse=TRUE|comp=additive,5501900,full|ped=lowgen|marR=0.8|twin=merging|beta=TRUE|sparse=TRUE|comp=additive,full,lowgen,3,2,0.8,merging,TRUE,TRUE,3,0.5,TRUE,additive,3 gen
full|ped=1gen|marR=0.8|twin=merging|beta=TRUE|sparse=TRUE|comp=additive,2672700,full|ped=1gen|marR=0.8|twin=merging|beta=TRUE|sparse=TRUE|comp=additive,full,1gen,1,1,0.8,merging,TRUE,TRUE,3,0.5,TRUE,additive,1 gen
full|ped=1gen|marR=0.8|twin=NULL|beta=TRUE|sparse=TRUE|comp=additive,2677200,full|ped=1gen|marR=0.8|twin=NULL|beta=TRUE|sparse=TRUE|comp=additive,full,1gen,1,1,0.8,NULL,TRUE,TRUE,3,0.5,TRUE,additive,1 gen
full|ped=1gen|marR=0.8|twin=addtwins|beta=TRUE|sparse=TRUE|comp=additive,2680900,full|ped=1gen|marR=0.8|twin=addtwins|beta=TRUE|sparse=TRUE|comp=additive,full,1gen,1,1,0.8,addtwins,TRUE,TRUE,3,0.5,TRUE,additive,1 gen
full|ped=1gen|marR=0.8|twin=NULL|beta=TRUE|sparse=TRUE|comp=additive,2678700,full|ped=1gen|marR=0.8|twin=NULL|beta=TRUE|sparse=TRUE|comp=additive,full,1gen,1,1,0.8,NULL,TRUE,TRUE,3,0.5,TRUE,additive,1 gen
full|ped=highgen|marR=0.8|twin=merging|beta=TRUE|sparse=TRUE|comp=additive,16469171800,full|ped=highgen|marR=0.8|twin=merging|beta=TRUE|sparse=TRUE|comp=additive,full,highgen,9,2,0.8,merging,TRUE,TRUE,3,0.5,TRUE,additive,9 gen
full|ped=1gen|marR=0.8|twin=merging|beta=TRUE|sparse=FALSE|comp=additive,3300000,full|ped=1gen|marR=0.8|twin=merging|beta=TRUE|sparse=FALSE|comp=additive,full,1gen,1,1,0.8,merging,TRUE,FALSE,3,0.5,TRUE,additive,1 gen
full|ped=1gen|marR=0.8|twin=addtwins|beta=TRUE|sparse=FALSE|comp=additive,2925700,full|ped=1gen|marR=0.8|twin=addtwins|beta=TRUE|sparse=FALSE|comp=additive,full,1gen,1,1,0.8,addtwins,TRUE,FALSE,3,0.5,TRUE,additive,1 gen
full|ped=highgen|marR=0.8|twin=NULL|beta=TRUE|sparse=FALSE|comp=additive,223840500,full|ped=highgen|marR=0.8|twin=NULL|beta=TRUE|sparse=FALSE|comp=additive,full,highgen,9,2,0.8,NULL,TRUE,FALSE,3,0.5,TRUE,additive,9 gen
full|ped=lowgen|marR=0.8|twin=addtwins|beta=TRUE|sparse=FALSE|comp=additive,186064100,full|ped=lowgen|marR=0.8|twin=addtwins|beta=TRUE|sparse=FALSE|comp=additive,full,lowgen,3,2,0.8,addtwins,TRUE,FALSE,3,0.5,TRUE,additive,3 gen
full|ped=midgen|marR=0.8|twin=addtwins|beta=TRUE|sparse=FALSE|comp=additive,9263300,full|ped=midgen|marR=0.8|twin=addtwins|beta=TRUE|sparse=FALSE|comp=additive,full,midgen,6,2,0.8,addtwins,TRUE,FALSE,3,0.5,TRUE,additive,6 gen
full|ped=lowgen|marR=0.8|twin=merging|beta=TRUE|sparse=FALSE|comp=additive,4112800,full|ped=lowgen|marR=0.8|twin=merging|beta=TRUE|sparse=FALSE|comp=additive,full,lowgen,3,2,0.8,merging,TRUE,FALSE,3,0.5,TRUE,additive,3 gen
full|ped=midgen|marR=0.8|twin=merging|beta=TRUE|sparse=TRUE|comp=additive,21894800,full|ped=midgen|marR=0.8|twin=merging|beta=TRUE|sparse=TRUE|comp=additive,full,midgen,6,2,0.8,merging,TRUE,TRUE,3,0.5,TRUE,additive,6 gen
full|ped=midgen|marR=0.8|twin=addtwins|beta=TRUE|sparse=TRUE|comp=additive,12071300,full|ped=midgen|marR=0.8|twin=addtwins|beta=TRUE|sparse=TRUE|comp=additive,full,midgen,6,2,0.8,addtwins,TRUE,TRUE,3,0.5,TRUE,additive,6 gen
full|ped=midgen|marR=0.8|twin=NULL|beta=TRUE|sparse=FALSE|comp=additive,7953900,full|ped=midgen|marR=0.8|twin=NULL|beta=TRUE|sparse=FALSE|comp=additive,full,midgen,6,2,0.8,NULL,TRUE,FALSE,3,0.5,TRUE,additive,6 gen
full|ped=lowgen|marR=0.8|twin=NULL|beta=TRUE|sparse=TRUE|comp=additive,3458200,full|ped=lowgen|marR=0.8|twin=NULL|beta=TRUE|sparse=TRUE|comp=additive,full,lowgen,3,2,0.8,NULL,TRUE,TRUE,3,0.5,TRUE,additive,3 gen
full|ped=lowgen|marR=0.8|twin=merging|beta=TRUE|sparse=TRUE|comp=additive,5478300,full|ped=lowgen|marR=0.8|twin=merging|beta=TRUE|sparse=TRUE|comp=additive,full,lowgen,3,2,0.8,merging,TRUE,TRUE,3,0.5,TRUE,additive,3 gen
full|ped=highgen|marR=0.8|twin=addtwins|beta=TRUE|sparse=TRUE|comp=additive,819837800,full|ped=highgen|marR=0.8|twin=addtwins|beta=TRUE|sparse=TRUE|comp=additive,full,highgen,9,2,0.8,addtwins,TRUE,TRUE,3,0.5,TRUE,additive,9 gen
full|ped=midgen|marR=0.8|twin=addtwins|beta=TRUE|sparse=FALSE|comp=additive,9546400,full|ped=midgen|marR=0.8|twin=addtwins|beta=TRUE|sparse=FALSE|comp=additive,full,midgen,6,2,0.8,addtwins,TRUE,FALSE,3,0.5,TRUE,additive,6 gen
full|ped=lowgen|marR=0.8|twin=NULL|beta=TRUE|sparse=FALSE|comp=additive,3652100,full|ped=lowgen|marR=0.8|twin=NULL|beta=TRUE|sparse=FALSE|comp=additive,full,lowgen,3,2,0.8,NULL,TRUE,FALSE,3,0.5,TRUE,additive,3 gen
full|ped=midgen|marR=0.8|twin=NULL|beta=TRUE|sparse=FALSE|comp=additive,7854100,full|ped=midgen|marR=0.8|twin=NULL|beta=TRUE|sparse=FALSE|comp=additive,full,midgen,6,2,0.8,NULL,TRUE,FALSE,3,0.5,TRUE,additive,6 gen
full|ped=lowgen|marR=0.8|twin=NULL|beta=TRUE|sparse=TRUE|comp=additive,3448200,full|ped=lowgen|marR=0.8|twin=NULL|beta=TRUE|sparse=TRUE|comp=additive,full,lowgen,3,2,0.8,NULL,TRUE,TRUE,3,0.5,TRUE,additive,3 gen
full|ped=highgen|marR=0.8|twin=merging|beta=TRUE|sparse=FALSE|comp=additive,237507700,full|ped=highgen|marR=0.8|twin=merging|beta=TRUE|sparse=FALSE|comp=additive,full,highgen,9,2,0.8,merging,TRUE,FALSE,3,0.5,TRUE,additive,9 gen
full|ped=1gen|marR=0.8|twin=addtwins|beta=TRUE|sparse=FALSE|comp=additive,3193200,full|ped=1gen|marR=0.8|twin=addtwins|beta=TRUE|sparse=FALSE|comp=additive,full,1gen,1,1,0.8,addtwins,TRUE,FALSE,3,0.5,TRUE,additive,1 gen
full|ped=lowgen|marR=0.8|twin=addtwins|beta=TRUE|sparse=FALSE|comp=additive,4436300,full|ped=lowgen|marR=0.8|twin=addtwins|beta=TRUE|sparse=FALSE|comp=additive,full,lowgen,3,2,0.8,addtwins,TRUE,FALSE,3,0.5,TRUE,additive,3 gen
full|ped=1gen|marR=0.8|twin=merging|beta=TRUE|sparse=FALSE|comp=additive,3572200,full|ped=1gen|marR=0.8|twin=merging|beta=TRUE|sparse=FALSE|comp=additive,full,1gen,1,1,0.8,merging,TRUE,FALSE,3,0.5,TRUE,additive,1 gen
full|ped=midgen|marR=0.8|twin=addtwins|beta=TRUE|sparse=TRUE|comp=additive,14851900,full|ped=midgen|marR=0.8|twin=addtwins|beta=TRUE|sparse=TRUE|comp=additive,full,midgen,6,2,0.8,addtwins,TRUE,TRUE,3,0.5,TRUE,additive,6 gen
full|ped=1gen|marR=0.8|twin=NULL|beta=TRUE|sparse=TRUE|comp=additive,2702200,full|ped=1gen|marR=0.8|twin=NULL|beta=TRUE|sparse=TRUE|comp=additive,full,1gen,1,1,0.8,NULL,TRUE,TRUE,3,0.5,TRUE,additive,1 gen
full|ped=lowgen|marR=0.8|twin=merging|beta=TRUE|sparse=FALSE|comp=additive,4111200,full|ped=lowgen|marR=0.8|twin=merging|beta=TRUE|sparse=FALSE|comp=additive,full,lowgen,3,2,0.8,merging,TRUE,FALSE,3,0.5,TRUE,additive,3 gen
full|ped=1gen|marR=0.8|twin=addtwins|beta=TRUE|sparse=TRUE|comp=additive,2696900,full|ped=1gen|marR=0.8|twin=addtwins|beta=TRUE|sparse=TRUE|comp=additive,full,1gen,1,1,0.8,addtwins,TRUE,TRUE,3,0.5,TRUE,additive,1 gen
full|ped=1gen|marR=0.8|twin=NULL|beta=TRUE|sparse=FALSE|comp=additive,2786800,full|ped=1gen|marR=0.8|twin=NULL|beta=TRUE|sparse=FALSE|comp=additive,full,1gen,1,1,0.8,NULL,TRUE,FALSE,3,0.5,TRUE,additive,1 gen
full|ped=1gen|marR=0.8|twin=merging|beta=TRUE|sparse=TRUE|comp=additive,2643600,full|ped=1gen|marR=0.8|twin=merging|beta=TRUE|sparse=TRUE|comp=additive,full,1gen,1,1,0.8,merging,TRUE,TRUE,3,0.5,TRUE,additive,1 gen
full|ped=midgen|marR=0.8|twin=NULL|beta=TRUE|sparse=TRUE|comp=additive,7789800,full|ped=midgen|marR=0.8|twin=NULL|beta=TRUE|sparse=TRUE|comp=additive,full,midgen,6,2,0.8,NULL,TRUE,TRUE,3,0.5,TRUE,additive,6 gen
full|ped=highgen|marR=0.8|twin=NULL|beta=TRUE|sparse=TRUE|comp=additive,194527600,full|ped=highgen|marR=0.8|twin=NULL|beta=TRUE|sparse=TRUE|comp=additive,full,highgen,9,2,0.8,NULL,TRUE,TRUE,3,0.5,TRUE,additive,9 gen
full|ped=highgen|marR=0.8|twin=NULL|beta=TRUE|sparse=FALSE|comp=additive,225813600,full|ped=highgen|marR=0.8|twin=NULL|beta=TRUE|sparse=FALSE|comp=additive,full,highgen,9,2,0.8,NULL,TRUE,FALSE,3,0.5,TRUE,additive,9 gen
full|ped=midgen|marR=0.8|twin=addtwins|beta=TRUE|sparse=TRUE|comp=additive,13103400,full|ped=midgen|marR=0.8|twin=addtwins|beta=TRUE|sparse=TRUE|comp=additive,full,midgen,6,2,0.8,addtwins,TRUE,TRUE,3,0.5,TRUE,additive,6 gen
full|ped=highgen|marR=0.8|twin=addtwins|beta=TRUE|sparse=TRUE|comp=additive,800804300,full|ped=highgen|marR=0.8|twin=addtwins|beta=TRUE|sparse=TRUE|comp=additive,full,highgen,9,2,0.8,addtwins,TRUE,TRUE,3,0.5,TRUE,additive,9 gen
full|ped=midgen|marR=0.8|twin=addtwins|beta=TRUE|sparse=TRUE|comp=additive,12667600,full|ped=midgen|marR=0.8|twin=addtwins|beta=TRUE|sparse=TRUE|comp=additive,full,midgen,6,2,0.8,addtwins,TRUE,TRUE,3,0.5,TRUE,additive,6 gen
full|ped=1gen|marR=0.8|twin=merging|beta=TRUE|sparse=TRUE|comp=additive,2977400,full|ped=1gen|marR=0.8|twin=merging|beta=TRUE|sparse=TRUE|comp=additive,full,1gen,1,1,0.8,merging,TRUE,TRUE,3,0.5,TRUE,additive,1 gen
full|ped=lowgen|marR=0.8|twin=merging|beta=TRUE|sparse=FALSE|comp=additive,4279100,full|ped=lowgen|marR=0.8|twin=merging|beta=TRUE|sparse=FALSE|comp=additive,full,lowgen,3,2,0.8,merging,TRUE,FALSE,3,0.5,TRUE,additive,3 gen
full|ped=midgen|marR=0.8|twin=NULL|beta=TRUE|sparse=TRUE|comp=additive,7971800,full|ped=midgen|marR=0.8|twin=NULL|beta=TRUE|sparse=TRUE|comp=additive,full,midgen,6,2,0.8,NULL,TRUE,TRUE,3,0.5,TRUE,additive,6 gen
full|ped=lowgen|marR=0.8|twin=merging|beta=TRUE|sparse=TRUE|comp=additive,5845500,full|ped=lowgen|marR=0.8|twin=merging|beta=TRUE|sparse=TRUE|comp=additive,full,lowgen,3,2,0.8,merging,TRUE,TRUE,3,0.5,TRUE,additive,3 gen
full|ped=highgen|marR=0.8|twin=addtwins|beta=TRUE|sparse=FALSE|comp=additive,257557000,full|ped=highgen|marR=0.8|twin=addtwins|beta=TRUE|sparse=FALSE|comp=additive,full,highgen,9,2,0.8,addtwins,TRUE,FALSE,3,0.5,TRUE,additive,9 gen
full|ped=lowgen|marR=0.8|twin=NULL|beta=TRUE|sparse=TRUE|comp=additive,3960200,full|ped=lowgen|marR=0.8|twin=NULL|beta=TRUE|sparse=TRUE|comp=additive,full,lowgen,3,2,0.8,NULL,TRUE,TRUE,3,0.5,TRUE,additive,3 gen
full|ped=midgen|marR=0.8|twin=merging|beta=TRUE|sparse=FALSE|comp=additive,8985100,full|ped=midgen|marR=0.8|twin=merging|beta=TRUE|sparse=FALSE|comp=additive,full,midgen,6,2,0.8,merging,TRUE,FALSE,3,0.5,TRUE,additive,6 gen
full|ped=highgen|marR=0.8|twin=NULL|beta=TRUE|sparse=FALSE|comp=additive,230798400,full|ped=highgen|marR=0.8|twin=NULL|beta=TRUE|sparse=FALSE|comp=additive,full,highgen,9,2,0.8,NULL,TRUE,FALSE,3,0.5,TRUE,additive,9 gen
full|ped=lowgen|marR=0.8|twin=NULL|beta=TRUE|sparse=FALSE|comp=additive,4166100,full|ped=lowgen|marR=0.8|twin=NULL|beta=TRUE|sparse=FALSE|comp=additive,full,lowgen,3,2,0.8,NULL,TRUE,FALSE,3,0.5,TRUE,additive,3 gen
full|ped=lowgen|marR=0.8|twin=addtwins|beta=TRUE|sparse=FALSE|comp=additive,4617200,full|ped=lowgen|marR=0.8|twin=addtwins|beta=TRUE|sparse=FALSE|comp=additive,full,lowgen,3,2,0.8,addtwins,TRUE,FALSE,3,0.5,TRUE,additive,3 gen
full|ped=highgen|marR=0.8|twin=addtwins|beta=TRUE|sparse=TRUE|comp=additive,802686700,full|ped=highgen|marR=0.8|twin=addtwins|beta=TRUE|sparse=TRUE|comp=additive,full,highgen,9,2,0.8,addtwins,TRUE,TRUE,3,0.5,TRUE,additive,9 gen
full|ped=1gen|marR=0.8|twin=merging|beta=TRUE|sparse=FALSE|comp=additive,3200800,full|ped=1gen|marR=0.8|twin=merging|beta=TRUE|sparse=FALSE|comp=additive,full,1gen,1,1,0.8,merging,TRUE,FALSE,3,0.5,TRUE,additive,1 gen
full|ped=midgen|marR=0.8|twin=merging|beta=TRUE|sparse=FALSE|comp=additive,9022600,full|ped=midgen|marR=0.8|twin=merging|beta=TRUE|sparse=FALSE|comp=additive,full,midgen,6,2,0.8,merging,TRUE,FALSE,3,0.5,TRUE,additive,6 gen
full|ped=lowgen|marR=0.8|twin=NULL|beta=TRUE|sparse=TRUE|comp=additive,3462100,full|ped=lowgen|marR=0.8|twin=NULL|beta=TRUE|sparse=TRUE|comp=additive,full,lowgen,3,2,0.8,NULL,TRUE,TRUE,3,0.5,TRUE,additive,3 gen
full|ped=lowgen|marR=0.8|twin=addtwins|beta=TRUE|sparse=TRUE|comp=additive,6069400,full|ped=lowgen|marR=0.8|twin=addtwins|beta=TRUE|sparse=TRUE|comp=additive,full,lowgen,3,2,0.8,addtwins,TRUE,TRUE,3,0.5,TRUE,additive,3 gen
full|ped=highgen|marR=0.8|twin=NULL|beta=TRUE|sparse=FALSE|comp=additive,233861000,full|ped=highgen|marR=0.8|twin=NULL|beta=TRUE|sparse=FALSE|comp=additive,full,highgen,9,2,0.8,NULL,TRUE,FALSE,3,0.5,TRUE,additive,9 gen
full|ped=highgen|marR=0.8|twin=merging|beta=TRUE|sparse=FALSE|comp=additive,249119700,full|ped=highgen|marR=0.8|twin=merging|beta=TRUE|sparse=FALSE|comp=additive,full,highgen,9,2,0.8,merging,TRUE,FALSE,3,0.5,TRUE,additive,9 gen
full|ped=highgen|marR=0.8|twin=NULL|beta=TRUE|sparse=TRUE|comp=additive,200014300,full|ped=highgen|marR=0.8|twin=NULL|beta=TRUE|sparse=TRUE|comp=additive,full,highgen,9,2,0.8,NULL,TRUE,TRUE,3,0.5,TRUE,additive,9 gen
full|ped=1gen|marR=0.8|twin=addtwins|beta=TRUE|sparse=FALSE|comp=additive,3191900,full|ped=1gen|marR=0.8|twin=addtwins|beta=TRUE|sparse=FALSE|comp=additive,full,1gen,1,1,0.8,addtwins,TRUE,FALSE,3,0.5,TRUE,additive,1 gen
full|ped=lowgen|marR=0.8|twin=addtwins|beta=TRUE|sparse=TRUE|comp=additive,186796200,full|ped=lowgen|marR=0.8|twin=addtwins|beta=TRUE|sparse=TRUE|comp=additive,full,lowgen,3,2,0.8,addtwins,TRUE,TRUE,3,0.5,TRUE,additive,3 gen
full|ped=lowgen|marR=0.8|twin=addtwins|beta=TRUE|sparse=TRUE|comp=additive,6047400,full|ped=lowgen|marR=0.8|twin=addtwins|beta=TRUE|sparse=TRUE|comp=additive,full,lowgen,3,2,0.8,addtwins,TRUE,TRUE,3,0.5,TRUE,additive,3 gen
full|ped=midgen|marR=0.8|twin=merging|beta=TRUE|sparse=TRUE|comp=additive,21942500,full|ped=midgen|marR=0.8|twin=merging|beta=TRUE|sparse=TRUE|comp=additive,full,midgen,6,2,0.8,merging,TRUE,TRUE,3,0.5,TRUE,additive,6 gen
full|ped=1gen|marR=0.8|twin=NULL|beta=TRUE|sparse=TRUE|comp=additive,2782900,full|ped=1gen|marR=0.8|twin=NULL|beta=TRUE|sparse=TRUE|comp=additive,full,1gen,1,1,0.8,NULL,TRUE,TRUE,3,0.5,TRUE,additive,1 gen
full|ped=highgen|marR=0.8|twin=NULL|beta=TRUE|sparse=FALSE|comp=additive,220583900,full|ped=highgen|marR=0.8|twin=NULL|beta=TRUE|sparse=FALSE|comp=additive,full,highgen,9,2,0.8,NULL,TRUE,FALSE,3,0.5,TRUE,additive,9 gen
full|ped=lowgen|marR=0.8|twin=merging|beta=TRUE|sparse=FALSE|comp=additive,4598500,full|ped=lowgen|marR=0.8|twin=merging|beta=TRUE|sparse=FALSE|comp=additive,full,lowgen,3,2,0.8,merging,TRUE,FALSE,3,0.5,TRUE,additive,3 gen
full|ped=1gen|marR=0.8|twin=addtwins|beta=TRUE|sparse=TRUE|comp=additive,2671900,full|ped=1gen|marR=0.8|twin=addtwins|beta=TRUE|sparse=TRUE|comp=additive,full,1gen,1,1,0.8,addtwins,TRUE,TRUE,3,0.5,TRUE,additive,1 gen
full|ped=midgen|marR=0.8|twin=NULL|beta=TRUE|sparse=TRUE|comp=additive,7756700,full|ped=midgen|marR=0.8|twin=NULL|beta=TRUE|sparse=TRUE|comp=additive,full,midgen,6,2,0.8,NULL,TRUE,TRUE,3,0.5,TRUE,additive,6 gen
full|ped=midgen|marR=0.8|twin=merging|beta=TRUE|sparse=FALSE|comp=additive,8792000,full|ped=midgen|marR=0.8|twin=merging|beta=TRUE|sparse=FALSE|comp=additive,full,midgen,6,2,0.8,merging,TRUE,FALSE,3,0.5,TRUE,additive,6 gen
full|ped=midgen|marR=0.8|twin=merging|beta=TRUE|sparse=TRUE|comp=additive,23104900,full|ped=midgen|marR=0.8|twin=merging|beta=TRUE|sparse=TRUE|comp=additive,full,midgen,6,2,0.8,merging,TRUE,TRUE,3,0.5,TRUE,additive,6 gen
full|ped=1gen|marR=0.8|twin=addtwins|beta=TRUE|sparse=TRUE|comp=additive,2993000,full|ped=1gen|marR=0.8|twin=addtwins|beta=TRUE|sparse=TRUE|comp=additive,full,1gen,1,1,0.8,addtwins,TRUE,TRUE,3,0.5,TRUE,additive,1 gen
full|ped=1gen|marR=0.8|twin=addtwins|beta=TRUE|sparse=TRUE|comp=additive,2752000,full|ped=1gen|marR=0.8|twin=addtwins|beta=TRUE|sparse=TRUE|comp=additive,full,1gen,1,1,0.8,addtwins,TRUE,TRUE,3,0.5,TRUE,additive,1 gen
full|ped=1gen|marR=0.8|twin=addtwins|beta=TRUE|sparse=FALSE|comp=additive,2825800,full|ped=1gen|marR=0.8|twin=addtwins|beta=TRUE|sparse=FALSE|comp=additive,full,1gen,1,1,0.8,addtwins,TRUE,FALSE,3,0.5,TRUE,additive,1 gen
full|ped=1gen|marR=0.8|twin=NULL|beta=TRUE|sparse=TRUE|comp=additive,2701800,full|ped=1gen|marR=0.8|twin=NULL|beta=TRUE|sparse=TRUE|comp=additive,full,1gen,1,1,0.8,NULL,TRUE,TRUE,3,0.5,TRUE,additive,1 gen
full|ped=1gen|marR=0.8|twin=NULL|beta=TRUE|sparse=FALSE|comp=additive,2777200,full|ped=1gen|marR=0.8|twin=NULL|beta=TRUE|sparse=FALSE|comp=additive,full,1gen,1,1,0.8,NULL,TRUE,FALSE,3,0.5,TRUE,additive,1 gen
full|ped=lowgen|marR=0.8|twin=addtwins|beta=TRUE|sparse=FALSE|comp=additive,4355100,full|ped=lowgen|marR=0.8|twin=addtwins|beta=TRUE|sparse=FALSE|comp=additive,full,lowgen,3,2,0.8,addtwins,TRUE,FALSE,3,0.5,TRUE,additive,3 gen
full|ped=lowgen|marR=0.8|twin=merging|beta=TRUE|sparse=TRUE|comp=additive,5575600,full|ped=lowgen|marR=0.8|twin=merging|beta=TRUE|sparse=TRUE|comp=additive,full,lowgen,3,2,0.8,merging,TRUE,TRUE,3,0.5,TRUE,additive,3 gen
full|ped=highgen|marR=0.8|twin=merging|beta=TRUE|sparse=TRUE|comp=additive,16136887200,full|ped=highgen|marR=0.8|twin=merging|beta=TRUE|sparse=TRUE|comp=additive,full,highgen,9,2,0.8,merging,TRUE,TRUE,3,0.5,TRUE,additive,9 gen
full|ped=highgen|marR=0.8|twin=addtwins|beta=TRUE|sparse=TRUE|comp=additive,791282700,full|ped=highgen|marR=0.8|twin=addtwins|beta=TRUE|sparse=TRUE|comp=additive,full,highgen,9,2,0.8,addtwins,TRUE,TRUE,3,0.5,TRUE,additive,9 gen
full|ped=midgen|marR=0.8|twin=NULL|beta=TRUE|sparse=FALSE|comp=additive,8430300,full|ped=midgen|marR=0.8|twin=NULL|beta=TRUE|sparse=FALSE|comp=additive,full,midgen,6,2,0.8,NULL,TRUE,FALSE,3,0.5,TRUE,additive,6 gen
full|ped=highgen|marR=0.8|twin=merging|beta=TRUE|sparse=TRUE|comp=additive,16128317100,full|ped=highgen|marR=0.8|twin=merging|beta=TRUE|sparse=TRUE|comp=additive,full,highgen,9,2,0.8,merging,TRUE,TRUE,3,0.5,TRUE,additive,9 gen
full|ped=lowgen|marR=0.8|twin=addtwins|beta=TRUE|sparse=TRUE|comp=additive,7736900,full|ped=lowgen|marR=0.8|twin=addtwins|beta=TRUE|sparse=TRUE|comp=additive,full,lowgen,3,2,0.8,addtwins,TRUE,TRUE,3,0.5,TRUE,additive,3 gen
full|ped=highgen|marR=0.8|twin=addtwins|beta=TRUE|sparse=FALSE|comp=additive,258866600,full|ped=highgen|marR=0.8|twin=addtwins|beta=TRUE|sparse=FALSE|comp=additive,full,highgen,9,2,0.8,addtwins,TRUE,FALSE,3,0.5,TRUE,additive,9 gen
full|ped=midgen|marR=0.8|twin=NULL|beta=TRUE|sparse=TRUE|comp=additive,8631500,full|ped=midgen|marR=0.8|twin=NULL|beta=TRUE|sparse=TRUE|comp=additive,full,midgen,6,2,0.8,NULL,TRUE,TRUE,3,0.5,TRUE,additive,6 gen
full|ped=highgen|marR=0.8|twin=NULL|beta=TRUE|sparse=TRUE|comp=additive,197343100,full|ped=highgen|marR=0.8|twin=NULL|beta=TRUE|sparse=TRUE|comp=additive,full,highgen,9,2,0.8,NULL,TRUE,TRUE,3,0.5,TRUE,additive,9 gen
full|ped=midgen|marR=0.8|twin=NULL|beta=TRUE|sparse=FALSE|comp=additive,8704300,full|ped=midgen|marR=0.8|twin=NULL|beta=TRUE|sparse=FALSE|comp=additive,full,midgen,6,2,0.8,NULL,TRUE,FALSE,3,0.5,TRUE,additive,6 gen
full|ped=midgen|marR=0.8|twin=merging|beta=TRUE|sparse=FALSE|comp=additive,8925400,full|ped=midgen|marR=0.8|twin=merging|beta=TRUE|sparse=FALSE|comp=additive,full,midgen,6,2,0.8,merging,TRUE,FALSE,3,0.5,TRUE,additive,6 gen
full|ped=1gen|marR=0.8|twin=NULL|beta=TRUE|sparse=FALSE|comp=additive,2815300,full|ped=1gen|marR=0.8|twin=NULL|beta=TRUE|sparse=FALSE|comp=additive,full,1gen,1,1,0.8,NULL,TRUE,FALSE,3,0.5,TRUE,additive,1 gen
full|ped=highgen|marR=0.8|twin=NULL|beta=TRUE|sparse=FALSE|comp=additive,221331800,full|ped=highgen|marR=0.8|twin=NULL|beta=TRUE|sparse=FALSE|comp=additive,full,highgen,9,2,0.8,NULL,TRUE,FALSE,3,0.5,TRUE,additive,9 gen
full|ped=highgen|marR=0.8|twin=merging|beta=TRUE|sparse=TRUE|comp=additive,15998301700,full|ped=highgen|marR=0.8|twin=merging|beta=TRUE|sparse=TRUE|comp=additive,full,highgen,9,2,0.8,merging,TRUE,TRUE,3,0.5,TRUE,additive,9 gen
full|ped=lowgen|marR=0.8|twin=NULL|beta=TRUE|sparse=TRUE|comp=additive,4166600,full|ped=lowgen|marR=0.8|twin=NULL|beta=TRUE|sparse=TRUE|comp=additive,full,lowgen,3,2,0.8,NULL,TRUE,TRUE,3,0.5,TRUE,additive,3 gen
full|ped=lowgen|marR=0.8|twin=NULL|beta=TRUE|sparse=FALSE|comp=additive,3612900,full|ped=lowgen|marR=0.8|twin=NULL|beta=TRUE|sparse=FALSE|comp=additive,full,lowgen,3,2,0.8,NULL,TRUE,FALSE,3,0.5,TRUE,additive,3 gen
full|ped=midgen|marR=0.8|twin=merging|beta=TRUE|sparse=TRUE|comp=additive,23867800,full|ped=midgen|marR=0.8|twin=merging|beta=TRUE|sparse=TRUE|comp=additive,full,midgen,6,2,0.8,merging,TRUE,TRUE,3,0.5,TRUE,additive,6 gen
full|ped=1gen|marR=0.8|twin=merging|beta=TRUE|sparse=FALSE|comp=additive,3054300,full|ped=1gen|marR=0.8|twin=merging|beta=TRUE|sparse=FALSE|comp=additive,full,1gen,1,1,0.8,merging,TRUE,FALSE,3,0.5,TRUE,additive,1 gen
full|ped=lowgen|marR=0.8|twin=addtwins|beta=TRUE|sparse=FALSE|comp=additive,4600900,full|ped=lowgen|marR=0.8|twin=addtwins|beta=TRUE|sparse=FALSE|comp=additive,full,lowgen,3,2,0.8,addtwins,TRUE,FALSE,3,0.5,TRUE,additive,3 gen
full|ped=highgen|marR=0.8|twin=merging|beta=TRUE|sparse=TRUE|comp=additive,14903089700,full|ped=highgen|marR=0.8|twin=merging|beta=TRUE|sparse=TRUE|comp=additive,full,highgen,9,2,0.8,merging,TRUE,TRUE,3,0.5,TRUE,additive,9 gen
full|ped=lowgen|marR=0.8|twin=NULL|beta=TRUE|sparse=TRUE|comp=additive,4063100,full|ped=lowgen|marR=0.8|twin=NULL|beta=TRUE|sparse=TRUE|comp=additive,full,lowgen,3,2,0.8,NULL,TRUE,TRUE,3,0.5,TRUE,additive,3 gen
full|ped=highgen|marR=0.8|twin=addtwins|beta=TRUE|sparse=FALSE|comp=additive,258373200,full|ped=highgen|marR=0.8|twin=addtwins|beta=TRUE|sparse=FALSE|comp=additive,full,highgen,9,2,0.8,addtwins,TRUE,FALSE,3,0.5,TRUE,additive,9 gen
full|ped=1gen|marR=0.8|twin=merging|beta=TRUE|sparse=FALSE|comp=additive,3161600,full|ped=1gen|marR=0.8|twin=merging|beta=TRUE|sparse=FALSE|comp=additive,full,1gen,1,1,0.8,merging,TRUE,FALSE,3,0.5,TRUE,additive,1 gen
full|ped=highgen|marR=0.8|twin=addtwins|beta=TRUE|sparse=FALSE|comp=additive,252419900,full|ped=highgen|marR=0.8|twin=addtwins|beta=TRUE|sparse=FALSE|comp=additive,full,highgen,9,2,0.8,addtwins,TRUE,FALSE,3,0.5,TRUE,additive,9 gen
full|ped=lowgen|marR=0.8|twin=addtwins|beta=TRUE|sparse=FALSE|comp=additive,4930300,full|ped=lowgen|marR=0.8|twin=addtwins|beta=TRUE|sparse=FALSE|comp=additive,full,lowgen,3,2,0.8,addtwins,TRUE,FALSE,3,0.5,TRUE,additive,3 gen
full|ped=midgen|marR=0.8|twin=merging|beta=TRUE|sparse=TRUE|comp=additive,23034100,full|ped=midgen|marR=0.8|twin=merging|beta=TRUE|sparse=TRUE|comp=additive,full,midgen,6,2,0.8,merging,TRUE,TRUE,3,0.5,TRUE,additive,6 gen
full|ped=midgen|marR=0.8|twin=addtwins|beta=TRUE|sparse=FALSE|comp=additive,9291400,full|ped=midgen|marR=0.8|twin=addtwins|beta=TRUE|sparse=FALSE|comp=additive,full,midgen,6,2,0.8,addtwins,TRUE,FALSE,3,0.5,TRUE,additive,6 gen
full|ped=midgen|marR=0.8|twin=merging|beta=TRUE|sparse=TRUE|comp=additive,22398400,full|ped=midgen|marR=0.8|twin=merging|beta=TRUE|sparse=TRUE|comp=additive,full,midgen,6,2,0.8,merging,TRUE,TRUE,3,0.5,TRUE,additive,6 gen
full|ped=lowgen|marR=0.8|twin=addtwins|beta=TRUE|sparse=FALSE|comp=additive,4376300,full|ped=lowgen|marR=0.8|twin=addtwins|beta=TRUE|sparse=FALSE|comp=additive,full,lowgen,3,2,0.8,addtwins,TRUE,FALSE,3,0.5,TRUE,additive,3 gen
full|ped=highgen|marR=0.8|twin=addtwins|beta=TRUE|sparse=FALSE|comp=additive,254901200,full|ped=highgen|marR=0.8|twin=addtwins|beta=TRUE|sparse=FALSE|comp=additive,full,highgen,9,2,0.8,addtwins,TRUE,FALSE,3,0.5,TRUE,additive,9 gen
full|ped=midgen|marR=0.8|twin=merging|beta=TRUE|sparse=TRUE|comp=additive,23868800,full|ped=midgen|marR=0.8|twin=merging|beta=TRUE|sparse=TRUE|comp=additive,full,midgen,6,2,0.8,merging,TRUE,TRUE,3,0.5,TRUE,additive,6 gen
full|ped=1gen|marR=0.8|twin=addtwins|beta=TRUE|sparse=FALSE|comp=additive,3175600,full|ped=1gen|marR=0.8|twin=addtwins|beta=TRUE|sparse=FALSE|comp=additive,full,1gen,1,1,0.8,addtwins,TRUE,FALSE,3,0.5,TRUE,additive,1 gen
full|ped=lowgen|marR=0.8|twin=merging|beta=TRUE|sparse=TRUE|comp=additive,5736700,full|ped=lowgen|marR=0.8|twin=merging|beta=TRUE|sparse=TRUE|comp=additive,full,lowgen,3,2,0.8,merging,TRUE,TRUE,3,0.5,TRUE,additive,3 gen
full|ped=midgen|marR=0.8|twin=addtwins|beta=TRUE|sparse=FALSE|comp=additive,8946000,full|ped=midgen|marR=0.8|twin=addtwins|beta=TRUE|sparse=FALSE|comp=additive,full,midgen,6,2,0.8,addtwins,TRUE,FALSE,3,0.5,TRUE,additive,6 gen
full|ped=highgen|marR=0.8|twin=NULL|beta=TRUE|sparse=TRUE|comp=additive,196464000,full|ped=highgen|marR=0.8|twin=NULL|beta=TRUE|sparse=TRUE|comp=additive,full,highgen,9,2,0.8,NULL,TRUE,TRUE,3,0.5,TRUE,additive,9 gen
full|ped=highgen|marR=0.8|twin=addtwins|beta=TRUE|sparse=TRUE|comp=additive,794251000,full|ped=highgen|marR=0.8|twin=addtwins|beta=TRUE|sparse=TRUE|comp=additive,full,highgen,9,2,0.8,addtwins,TRUE,TRUE,3,0.5,TRUE,additive,9 gen
full|ped=1gen|marR=0.8|twin=addtwins|beta=TRUE|sparse=FALSE|comp=additive,3237900,full|ped=1gen|marR=0.8|twin=addtwins|beta=TRUE|sparse=FALSE|comp=additive,full,1gen,1,1,0.8,addtwins,TRUE,FALSE,3,0.5,TRUE,additive,1 gen
full|ped=lowgen|marR=0.8|twin=addtwins|beta=TRUE|sparse=TRUE|comp=additive,5992500,full|ped=lowgen|marR=0.8|twin=addtwins|beta=TRUE|sparse=TRUE|comp=additive,full,lowgen,3,2,0.8,addtwins,TRUE,TRUE,3,0.5,TRUE,additive,3 gen
full|ped=highgen|marR=0.8|twin=addtwins|beta=TRUE|sparse=TRUE|comp=additive,971594600,full|ped=highgen|marR=0.8|twin=addtwins|beta=TRUE|sparse=TRUE|comp=additive,full,highgen,9,2,0.8,addtwins,TRUE,TRUE,3,0.5,TRUE,additive,9 gen
full|ped=lowgen|marR=0.8|twin=addtwins|beta=TRUE|sparse=TRUE|comp=additive,6499900,full|ped=lowgen|marR=0.8|twin=addtwins|beta=TRUE|sparse=TRUE|comp=additive,full,lowgen,3,2,0.8,addtwins,TRUE,TRUE,3,0.5,TRUE,additive,3 gen
full|ped=highgen|marR=0.8|twin=NULL|beta=TRUE|sparse=TRUE|comp=additive,193828100,full|ped=highgen|marR=0.8|twin=NULL|beta=TRUE|sparse=TRUE|comp=additive,full,highgen,9,2,0.8,NULL,TRUE,TRUE,3,0.5,TRUE,additive,9 gen
full|ped=lowgen|marR=0.8|twin=merging|beta=TRUE|sparse=TRUE|comp=additive,5865700,full|ped=lowgen|marR=0.8|twin=merging|beta=TRUE|sparse=TRUE|comp=additive,full,lowgen,3,2,0.8,merging,TRUE,TRUE,3,0.5,TRUE,additive,3 gen
full|ped=highgen|marR=0.8|twin=merging|beta=TRUE|sparse=FALSE|comp=additive,238691500,full|ped=highgen|marR=0.8|twin=merging|beta=TRUE|sparse=FALSE|comp=additive,full,highgen,9,2,0.8,merging,TRUE,FALSE,3,0.5,TRUE,additive,9 gen
full|ped=1gen|marR=0.8|twin=addtwins|beta=TRUE|sparse=FALSE|comp=additive,3096500,full|ped=1gen|marR=0.8|twin=addtwins|beta=TRUE|sparse=FALSE|comp=additive,full,1gen,1,1,0.8,addtwins,TRUE,FALSE,3,0.5,TRUE,additive,1 gen
full|ped=midgen|marR=0.8|twin=NULL|beta=TRUE|sparse=FALSE|comp=additive,7857100,full|ped=midgen|marR=0.8|twin=NULL|beta=TRUE|sparse=FALSE|comp=additive,full,midgen,6,2,0.8,NULL,TRUE,FALSE,3,0.5,TRUE,additive,6 gen
full|ped=lowgen|marR=0.8|twin=merging|beta=TRUE|sparse=TRUE|comp=additive,5675800,full|ped=lowgen|marR=0.8|twin=merging|beta=TRUE|sparse=TRUE|comp=additive,full,lowgen,3,2,0.8,merging,TRUE,TRUE,3,0.5,TRUE,additive,3 gen
full|ped=highgen|marR=0.8|twin=NULL|beta=TRUE|sparse=TRUE|comp=additive,242707600,full|ped=highgen|marR=0.8|twin=NULL|beta=TRUE|sparse=TRUE|comp=additive,full,highgen,9,2,0.8,NULL,TRUE,TRUE,3,0.5,TRUE,additive,9 gen
full|ped=1gen|marR=0.8|twin=merging|beta=TRUE|sparse=TRUE|comp=additive,3276700,full|ped=1gen|marR=0.8|twin=merging|beta=TRUE|sparse=TRUE|comp=additive,full,1gen,1,1,0.8,merging,TRUE,TRUE,3,0.5,TRUE,additive,1 gen
full|ped=lowgen|marR=0.8|twin=addtwins|beta=TRUE|sparse=TRUE|comp=additive,6742400,full|ped=lowgen|marR=0.8|twin=addtwins|beta=TRUE|sparse=TRUE|comp=additive,full,lowgen,3,2,0.8,addtwins,TRUE,TRUE,3,0.5,TRUE,additive,3 gen
full|ped=midgen|marR=0.8|twin=NULL|beta=TRUE|sparse=TRUE|comp=additive,8570500,full|ped=midgen|marR=0.8|twin=NULL|beta=TRUE|sparse=TRUE|comp=additive,full,midgen,6,2,0.8,NULL,TRUE,TRUE,3,0.5,TRUE,additive,6 gen
full|ped=highgen|marR=0.8|twin=merging|beta=TRUE|sparse=TRUE|comp=additive,15272064700,full|ped=highgen|marR=0.8|twin=merging|beta=TRUE|sparse=TRUE|comp=additive,full,highgen,9,2,0.8,merging,TRUE,TRUE,3,0.5,TRUE,additive,9 gen
full|ped=highgen|marR=0.8|twin=NULL|beta=TRUE|sparse=TRUE|comp=additive,195864400,full|ped=highgen|marR=0.8|twin=NULL|beta=TRUE|sparse=TRUE|comp=additive,full,highgen,9,2,0.8,NULL,TRUE,TRUE,3,0.5,TRUE,additive,9 gen
full|ped=lowgen|marR=0.8|twin=addtwins|beta=TRUE|sparse=FALSE|comp=additive,4948100,full|ped=lowgen|marR=0.8|twin=addtwins|beta=TRUE|sparse=FALSE|comp=additive,full,lowgen,3,2,0.8,addtwins,TRUE,FALSE,3,0.5,TRUE,additive,3 gen
full|ped=midgen|marR=0.8|twin=merging|beta=TRUE|sparse=FALSE|comp=additive,8873100,full|ped=midgen|marR=0.8|twin=merging|beta=TRUE|sparse=FALSE|comp=additive,full,midgen,6,2,0.8,merging,TRUE,FALSE,3,0.5,TRUE,additive,6 gen
full|ped=lowgen|marR=0.8|twin=NULL|beta=TRUE|sparse=TRUE|comp=additive,3455500,full|ped=lowgen|marR=0.8|twin=NULL|beta=TRUE|sparse=TRUE|comp=additive,full,lowgen,3,2,0.8,NULL,TRUE,TRUE,3,0.5,TRUE,additive,3 gen
full|ped=midgen|marR=0.8|twin=merging|beta=TRUE|sparse=FALSE|comp=additive,8799000,full|ped=midgen|marR=0.8|twin=merging|beta=TRUE|sparse=FALSE|comp=additive,full,midgen,6,2,0.8,merging,TRUE,FALSE,3,0.5,TRUE,additive,6 gen
full|ped=1gen|marR=0.8|twin=merging|beta=TRUE|sparse=TRUE|comp=additive,2811300,full|ped=1gen|marR=0.8|twin=merging|beta=TRUE|sparse=TRUE|comp=additive,full,1gen,1,1,0.8,merging,TRUE,TRUE,3,0.5,TRUE,additive,1 gen
full|ped=1gen|marR=0.8|twin=NULL|beta=TRUE|sparse=FALSE|comp=additive,2757600,full|ped=1gen|marR=0.8|twin=NULL|beta=TRUE|sparse=FALSE|comp=additive,full,1gen,1,1,0.8,NULL,TRUE,FALSE,3,0.5,TRUE,additive,1 gen
full|ped=midgen|marR=0.8|twin=merging|beta=TRUE|sparse=FALSE|comp=additive,8726100,full|ped=midgen|marR=0.8|twin=merging|beta=TRUE|sparse=FALSE|comp=additive,full,midgen,6,2,0.8,merging,TRUE,FALSE,3,0.5,TRUE,additive,6 gen
full|ped=lowgen|marR=0.8|twin=merging|beta=TRUE|sparse=TRUE|comp=additive,6088800,full|ped=lowgen|marR=0.8|twin=merging|beta=TRUE|sparse=TRUE|comp=additive,full,lowgen,3,2,0.8,merging,TRUE,TRUE,3,0.5,TRUE,additive,3 gen
