replication,seed,converged,status_code,status_message,error_message,n_families,total_n,mean_family_size,min_family_size,max_family_size,minus2ll,iterations,elapsed_seconds,mean_H,z_year,b_a_0,b_a_1,g_a_1,b_cn_0,b_cn_1,g_cn_1,b_e_0,b_e_1,g_e_1,mean_y,b_mean_1,g_mean_1,se_b_a_0,se_b_a_1,se_g_a_1,se_b_cn_0,se_b_cn_1,se_g_cn_1,se_b_e_0,se_b_e_1,se_g_e_1,se_mean_y,se_b_mean_1,se_g_mean_1
1,2026072012,TRUE,0,0,,50,6100,122,122,122,33306.78151698685,27,74.35417294502258,0.28950819672131145,2.0675292856669634,1.1882310308328166,-0.01623230960457671,0.006816313314663079,0.8925957723872023,0.02664629877554485,-0.02603325430087502,0.6623817461695426,-0.0020967277941360283,0.03233826259359637,2.0066905169329643,-0.04608572784005723,0.14460664718065316,0.04461283833268142,0.01894229400930235,0.06234794729016039,0.049445419212394474,0.01963200305436708,0.05467714428613801,0.07626834044231047,0.032032217286946295,0.10183948698326162,0.1333944679344377,0.036745151969664804,0.10439294105503363
2,2026072013,TRUE,0,0,,50,6100,122,122,122,32928.24268107596,27,73.39568090438843,0.2801639344262295,2.067006873795147,1.0695068201588593,-0.0023200738197728145,0.0830061712760185,0.9555479680788239,-0.02234267198669674,-0.0330525678282906,0.6926623854889365,8.750996646765397e-4,-0.05929172765024229,2.118370817792369,-0.04969918761005223,0.07648558190431574,0.051517891877239166,0.020148789197260552,0.06425028398505046,0.04127765962311716,0.01798896410347658,0.06100478701709675,0.06674977863048547,0.026789243695352218,0.1052321028590604,0.12669648336086112,0.03573580356645058,0.10186109292000965
3,2026072014,TRUE,0,0,,50,6100,122,122,122,33032.32542237623,23,68.71036720275879,0.28672131147540986,2.066889077819845,1.0871493704095712,0.011250136894322603,-0.05872665364103493,0.816136829351672,0.015445545946365935,0.10433999649809596,0.7450650394970392,-0.02454117813025612,0.0760222718103231,1.9523186295612893,0.008746986483426918,-0.0656648457002151,0.04630821548365361,0.016305768930589756,0.06839249651619905,0.04838190224621119,0.019560117482814283,0.057700289151024646,0.055885934804141016,0.022850212152721504,0.09088317701334855,0.12458701164232563,0.03531941299109021,0.1041974848101562
4,2026072015,TRUE,0,0,,50,6100,122,122,122,33056.85091383445,25,69.66406583786011,0.27852459016393444,2.0673186443379867,1.1748517376758942,-0.07060403285315098,-0.13296352197085912,0.921531167795213,0.010443907907661403,0.04977442384889604,0.5671554203728609,0.07845867140082535,0.07171325254679711,2.0563193375006015,-0.0940495444482257,0.21491405476427003,0.0456551442366444,0.019082231065165337,0.0816236710450385,0.042586915087251334,0.01841357659529616,0.05076012913671245,0.0883617573313299,0.027369534404867557,0.059226933873625744,0.13305238050255344,0.037230567173566896,0.10395648618973007
5,2026072016,TRUE,0,0,,50,6100,122,122,122,33150.69513943348,33,82.14980721473694,0.28032786885245903,2.067945761086973,1.1360296441758189,0.030681606802537596,-0.07355910737601379,0.881404457663407,0.02248355390857012,0.006910015250859311,0.6850735110683539,-0.04967561804824375,0.033832453560519705,1.9589588837358465,-0.04505072998105205,-0.03272103508612611,0.04950719604470561,0.018906304351136154,0.05767057877205456,0.049703428107737445,0.02095429784585706,0.05740005747430098,0.07243666123274484,0.03527042615485765,0.12489514855033834,0.12830917048027465,0.03651299472066938,0.1039025756204329
6,2026072017,TRUE,0,0,,50,6100,122,122,122,32860.394642049025,26,52.22851800918579,0.2804918032786885,2.0700545837894424,1.0225621938503011,0.027935602809781433,0.013124032151712964,0.8963990514914474,-0.007286827695710564,-0.04286559402545472,0.7375894158737931,-0.030403366746754767,0.03258556998933265,2.015586053005165,-0.012481127681975963,0.0554477052319836,0.053931138240750236,0.0235774353096508,0.06931663817099606,0.0455831853749244,0.019765235994840744,0.06503136045197395,0.057783201904273815,0.031229111038703742,0.106753324844851,0.12153142396211702,0.0350947620238512,0.10248501909266437
7,2026072018,TRUE,0,0,,50,6100,122,122,122,32904.56681210355,28,74.78625798225403,0.28114754098360656,2.0668783292630604,1.171686369230164,-0.0417013758624502,0.0030271743203627386,0.878304680621989,0.014439001872501432,-0.03314483446151579,0.5727646441417207,0.05055983505578043,-0.010203496475950315,2.1275353219711453,-0.037993616504660994,0.15537697228574138,0.042164978780109934,0.016217217517642754,0.0650219733780922,0.045390255438159936,0.018241540364549003,0.05882692973602888,0.07966711188899363,0.025896217169104382,0.08245027536322592,0.13062507816940783,0.03596569312297547,0.10233852422933955
8,2026072019,TRUE,0,0,,50,6100,122,122,122,32887.812488361276,27,73.20564603805542,0.2840983606557377,2.0681637403699824,0.989391572983862,0.0037173389297431966,0.04159614495068131,0.9438274259568112,0.002072474334620429,0.004596478188688549,0.7198634746784053,0.019651198062991412,-0.060486509200441844,1.8704173472078043,0.029824093547451698,-0.1316217545921408,0.05553645906048375,0.024368157715946442,0.08062078504600073,0.04300674950287503,0.018372594869186097,0.056960433484559155,0.05814893407803208,0.025156230414534127,0.09144719752495857,0.12125697720482617,0.03551489498294606,0.10201867919581892
9,2026072020,TRUE,0,0,,50,6100,122,122,122,33019.31099092906,23,67.65703797340393,0.28737704918032786,2.0673627329421986,1.0737247941792956,-0.004458069917291741,-0.04005183906361587,0.9519915613356366,0.0033567928223288616,0.006737905910830199,0.6853739710003415,0.008685406456727626,0.05441476453926703,2.0434552717462036,-0.011388111768696767,-0.1312598342707239,0.05013105123003831,0.02019809821477106,0.07058838336464536,0.0421962586154792,0.017126289726235762,0.05210685908327076,0.06681529671904321,0.026142463870169115,0.08220586210117811,0.12596036809878677,0.03573271057327163,0.10247131913900762
10,2026072021,TRUE,0,0,,50,6100,122,122,122,33239.64292236904,25,70.13481307029724,0.2834426229508197,2.0685322845740757,1.0890779761844958,-0.017124479016545173,0.045899822740523955,0.8766834999773673,0.017243150943831508,0.10056729488451221,0.7235935511906572,0.023693055858195842,-0.03549862302537718,2.136504073248645,-0.03398038356814793,-0.07039014101969673,0.058657108340365124,0.03537012909526398,0.07014267224152416,0.050962711846587086,0.023311143325484354,0.055136015947695564,0.08220471083514495,0.0408972182142773,0.08320868214212544,0.12692957039982058,0.0363023739272377,0.10756911098986141
11,2026072022,TRUE,0,0,,50,6100,122,122,122,33029.61416200046,24,69.7205138206482,0.29475409836065575,2.066998817015686,1.143912946457724,-0.011308653897944379,0.04197542340158394,0.905687958955163,-0.009352690228405888,-0.030166807437748733,0.606414369309024,0.020178183149122182,0.022256973470808787,2.021840155569674,0.022643603684743482,-0.06791983503370566,0.043957793583647375,0.019675385002002256,0.06321930037701295,0.04511890319577899,0.019468889755056583,0.06395299058688518,0.07586058976215196,0.03250881894630827,0.1031648696077829,0.1289696474474661,0.035355122551223805,0.10328227933163774
12,2026072023,TRUE,0,0,,50,6100,122,122,122,33279.67699716515,25,70.39649200439453,0.2821311475409836,2.0670470461320294,1.1331864096539754,-0.0463151241473639,0.03850881165382075,0.9964645739713334,9.338755244667495e-4,-0.09960135436765856,0.6993359859661783,0.036948149957995474,-0.045219781641011474,1.942356253401904,0.017269018835406897,0.06201811622924956,0.0570751439007407,0.024010602651341396,0.072571555624439,0.04655147909133219,0.019598095080833197,0.05383981877943375,0.07806661080000361,0.02726986572122553,0.07683408507980138,0.1345583372525415,0.03820707758914421,0.10425743142225743
13,2026072024,TRUE,0,0,,50,6100,122,122,122,32944.19590449653,29,75.71074318885803,0.28475409836065574,2.0693332647404685,1.063480072101711,0.031618966337789683,-0.04619540866973262,0.9695181905469906,-0.015082924912790343,0.05201959764093031,0.6639128625356174,-0.027372552466151116,0.047793576059052774,1.768990130421279,0.08586524692948742,-0.08246050347769181,0.0521833399856959,0.02076490764354432,0.06586144063356604,0.04177718084850535,0.01761212115031598,0.054238676272546964,0.06712186326244687,0.03402375218716113,0.11483876390883124,0.12527004356236948,0.03597142344649281,0.10166653578393153
14,2026072025,TRUE,0,0,,50,6100,122,122,122,32931.62037019525,27,73.08776211738586,0.2836065573770492,2.06794337733398,1.1387325014800433,-0.01275126894519228,0.10021995286388427,0.9396324017231014,-0.032905800198754824,0.0020416097672661697,0.6266864421352271,0.004640484693028654,-0.07324372486963149,2.02348356991033,0.0035926921669607397,0.08510781611922552,0.0471670298242082,0.021257924932066505,0.05965724376083739,0.0436767892584501,0.019166816614231613,0.061565766396921504,0.07969485839597736,0.03526219631878396,0.11940462497519562,0.12978410915035687,0.03520229857399433,0.10277698504875317
15,2026072026,TRUE,0,0,,50,6100,122,122,122,32985.277875600696,26,72.97718381881714,0.2813114754098361,2.0666936808246343,1.0826206116068018,0.014690329532426044,-0.01993206590117274,0.8861671463091146,0.011975582181769306,0.014279146921267472,0.6758841864666357,-0.021297258124619894,0.1288030778473233,2.2642701145835242,-0.0722559191078868,-0.10620061056791151,0.05294818035896999,0.022095497578074573,0.06327906068265855,0.04775034239066663,0.0203475830238316,0.056214021018355716,0.07061599561795241,0.032845027186553334,0.09383596355889501,0.12525671540666491,0.035567907337535655,0.10325498173654951
16,2026072027,TRUE,0,0,,50,6100,122,122,122,32977.61430207042,26,53.13477802276611,0.28147540983606556,2.066906445417438,1.1266908019069644,-0.02422670836359539,-0.042979616004573284,0.8223413693766184,0.027098451659239017,-0.022659483056126407,0.6805734826848934,0.020843947988928063,0.04391902328246305,1.9098234392344926,0.00671389567519997,-0.049294501736890164,0.048843499194347426,0.026776652027827957,0.07492814267802607,0.05320408238196336,0.023348397784317697,0.059278536853082854,0.07643186875390717,0.035052312211378694,0.084120997728005,0.12710453848669392,0.035495047083771006,0.10304238509746552
17,2026072028,TRUE,0,0,,50,6100,122,122,122,32773.95510292671,26,72.52458310127258,0.2836065573770492,2.0684634214071442,1.039166506656239,-0.01775182531372497,0.0016922695145490372,0.9085001692902199,0.004949218196058919,0.03772689725989253,0.6912294591154587,0.03095355599729919,-0.0704382970147204,2.092127259783173,0.008148677488595176,-0.03786129217872804,0.052898939247411375,0.025281667323443457,0.08531462467745461,0.04523556205871022,0.01999236187520243,0.05650303901191355,0.06373397499042176,0.026527602660180217,0.09032150185321901,0.1228928356350753,0.03510625663707854,0.10115292640865114
18,2026072029,TRUE,0,0,,50,6100,122,122,122,32988.59396576485,25,70.45871210098267,0.28098360655737703,2.066700030301763,1.0092787907605445,0.032632761194818095,0.0023029621581028095,0.90618002843657,7.349702977358295e-4,-0.010730341726269414,0.7778988557618179,-0.047257694992366386,0.08773013489970016,2.1235375010675486,0.013733770139676698,0.15393114840158761,0.058742390321188304,0.023475572929852976,0.06433978336969955,0.04860525142663307,0.02149684815891431,0.060265381988143976,0.057049759038398644,0.029233163232939775,0.09465054411619539,0.12225247856698418,0.03602799516402461,0.1032367406454579
19,2026072030,TRUE,0,0,,50,6100,122,122,122,33095.45264885671,26,71.6184298992157,0.27442622950819673,2.0670908993706387,1.0968345406441824,0.006516047731857313,-0.02849980254265114,0.9807674121481093,-0.02012168780700538,4.6968249728275433e-4,0.6880371457488856,-0.022359451169880324,0.13774749015091944,1.914778674659176,-0.033312552649789634,-0.008945245904824648,0.05203495855784446,0.019941794724780124,0.06897757745509751,0.03980624511329636,0.016933441910132775,0.057840655956717904,0.06961380668577336,0.029922742534273215,0.09661068329397289,0.12891050267999932,0.03631600774204829,0.1043266550155634
20,2026072031,TRUE,0,0,,50,6100,122,122,122,33000.22518611037,32,79.55165886878967,0.28,2.068027297238905,1.0344694410385993,0.0323270569891939,-0.023835102407303722,0.9441069316306464,-0.02695787022600962,-0.05553124534772522,0.7577364328414993,-0.036093933457349424,0.03796645904741244,1.9754509442378934,0.038810846518746396,0.03498639446214423,0.06703189591954925,0.037006978994563934,0.07305747836543935,0.046858592665066,0.020907605241658002,0.06460915285039424,0.0724444414416606,0.05097642437431673,0.11796967436468288,0.12480722495400284,0.03648281196683096,0.10285155762619988
21,2026072032,TRUE,0,0,,50,6100,122,122,122,33093.88070308206,26,72.2618350982666,0.28032786885245903,2.0699688774519474,1.1803861494944858,-0.027019125468739025,-0.027136387414789145,0.8472417914435568,0.02547464522162666,0.11371601107307844,0.6597066162281188,0.014005895857646123,-0.041252306515079176,1.8910344871142848,0.046910939592590746,-0.017679719083819805,0.04236460363137565,0.01796506408176863,0.06482690280517364,0.0471010863656558,0.01830767256005743,0.04844647305643871,0.07275977315970542,0.028217752537825935,0.09331845072314486,0.1309660630468958,0.03519281095733873,0.10284175804330041
22,2026072033,TRUE,0,0,,50,6100,122,122,122,32972.70777730462,30,77.80570483207703,0.2839344262295082,2.069020818998479,1.1666647322443682,-0.03430160920523426,0.06658134517467872,0.8496382355387595,0.028878438589410766,-0.026784143196620726,0.6065977834540148,0.04459190348006732,-0.14085522486247606,1.9785695639452325,0.026726376128716478,-0.06140737983776274,0.04855594110815861,0.02382567797379028,0.06679584297795403,0.04806509573813147,0.02003724183448219,0.058553318711751824,0.09211825212646277,0.03697727210679811,0.10832215092758868,0.12983974485951583,0.035778810030076845,0.10276526993630505
23,2026072034,TRUE,0,0,,50,6100,122,122,122,32973.2536801499,26,71.78759598731995,0.27885245901639344,2.076697189895943,1.0227212618806,0.006564770451834069,0.05858907699536063,1.0034835456363842,-0.03592014277862381,0.04184810736849984,0.6687299604604681,0.02635068498861566,-0.05483524275889601,1.860544503414947,-0.0041437695795954336,-0.05702146696611058,0.053592837823141906,0.02022840402116374,0.0684495267906546,0.03774820228596185,0.016639700855362854,0.05911325357670167,0.06484001356545081,0.02475388168847409,0.09210360740068231,0.12435799145604987,0.03572475520440094,0.10444799070051083
24,2026072035,TRUE,0,0,,50,6100,122,122,122,33082.75434397232,27,73.89002990722656,0.2840983606557377,2.070155334233808,1.0699084296523427,0.010883788603798851,0.10296065145734362,0.9900057823700626,-0.01308579479713137,-0.06390713989300109,0.7274730537901698,-0.007027661599565053,-0.28558030633499704,2.050077582658284,0.04635841807839211,-0.14143881259269336,0.0501225258980005,0.019122431684652504,0.059929078752840106,0.0419780797938919,0.017844140842387796,0.056506957296442374,0.061636493364338206,0.026617814114494893,0.1553617742932602,0.12822897119494592,0.036865357459182214,0.10199498136330241
25,2026072036,TRUE,0,0,,50,6100,122,122,122,33036.9096714154,26,72.63454389572144,0.2854098360655738,2.0699422801194487,1.0941467607645892,-0.019523956859443924,0.15515647282540182,0.9077839263334612,-0.008559868737123189,-0.014514590327280669,0.7256329111604678,0.013388546077301293,-0.22076260050076646,1.9081936849444174,0.020746405365795008,0.008635564756264843,0.05128202228420615,0.019186696796927232,0.06970684486730871,0.047855122834513805,0.019938721502888033,0.0662421204535279,0.06446582472765965,0.02353826424136,0.13257650000423968,0.12743458735176266,0.035717373720011006,0.10490366393032483
26,2026072037,TRUE,0,0,,50,6100,122,122,122,32938.98473617034,26,53.85009407997131,0.2837704918032787,2.067039596435764,1.1124243546158699,0.0040078424663187815,-0.05318990692167867,0.8696839788698222,0.01455497337685539,9.439973667984108e-4,0.6880239337564503,-0.007423971819728626,-0.004935414063105639,1.8453862659653977,0.01976984003475855,0.09895337578002479,0.047951477810913294,0.018432938028631524,0.06467058172514034,0.047409138670345824,0.02040015170350782,0.05606765398037599,0.06780068870567538,0.027676398316057522,0.09729677222612576,0.1267650210214789,0.035094252044516785,0.10073196999938211
27,2026072038,TRUE,0,0,,50,6100,122,122,122,33115.551347687215,30,77.11558485031128,0.2842622950819672,2.0677593463668473,1.1323452538823078,0.023578628659432735,0.0035372627428435833,0.8901926955336009,-0.004910033151757362,-0.030724828061873582,0.7100212192905527,-0.047508582343027024,-0.04778578425939611,1.8638331530118064,-0.011979216274572475,0.20167372713056947,0.048373547265599864,0.018526486248725823,0.05186861522009929,0.04869239143607964,0.021603683381343587,0.06303347100155639,0.06641205560088764,0.03220269360586148,0.12663280854917228,0.12905626268386333,0.03624793734414769,0.10341465635392812
28,2026072039,TRUE,0,0,,50,6100,122,122,122,32885.975158602916,28,75.60412979125977,0.28,2.0703413309905954,1.1585834367354972,-0.033397483958453204,0.0705248182342568,0.9254661693579167,-0.005144946213884766,-0.0780199441798858,0.5447592132451293,0.046111622443800473,-0.006788149963881522,1.9166894775925711,-0.01477161889615185,-0.06193455988852395,0.051769791452610875,0.021768497130847202,0.0670889759205591,0.043509360179889184,0.017884373404641666,0.06246878218351795,0.10183930193920596,0.03648949741296269,0.09959127268552564,0.1299572144321978,0.03529574903150344,0.10242851006953069
29,2026072040,TRUE,0,0,,50,6100,122,122,122,32962.172859891725,23,68.4081962108612,0.2875409836065574,2.06707938212885,1.0823940911922059,0.0032215417489278456,-0.06492727964370013,0.9368720208627701,-0.016198905549062968,0.04813929828386171,0.6622598231606199,0.01876781031732411,0.007276568813983495,2.0406748238411305,-0.050194139642973847,0.020495179193798264,0.04830336502318976,0.019197593813025278,0.0694913427030412,0.04253240597819406,0.017815780731288606,0.05673155276314304,0.0676609483718887,0.02675738081439748,0.08629674963213049,0.12656154855001828,0.03609849313314876,0.10263168267459838
30,2026072041,TRUE,0,0,,50,6100,122,122,122,33017.85000120815,28,75.69034218788147,0.27524590163934426,2.0667564588458847,0.9859118611380863,-0.01998512855359127,0.16010164178691386,0.8905609772333126,0.0055856112739512765,0.03919733334912439,0.8077233493443995,0.01785285861795379,-0.18009372896731007,2.29454241320436,-0.043575174741102375,3.7599023562432646e-4,0.05713039493751799,0.023660540930716484,0.08010216801097243,0.0454998097846035,0.018732411370930086,0.059742600573031726,0.052570830037712415,0.02027615155372736,0.09588005599707648,0.12188038438200485,0.035577877953967135,0.10544802858319788
31,2026072042,TRUE,0,0,,50,6100,122,122,122,32931.088604008626,26,73.06478214263916,0.2768852459016393,2.0675759477131277,1.1057110204028016,-0.031213669451184763,0.21232046561718537,0.9085168396948327,0.004303216879692225,-0.05017666669396811,0.6424038911373963,0.043924948476369345,-0.33288987871945613,1.9357482847592034,0.047787802983744014,-0.17833869891434023,0.044612706275710845,0.017816717007530514,0.059245988164733907,0.04470028440330615,0.018747848607911902,0.05811812317929616,0.06769368056150182,0.024191686902731054,0.1494942664189497,0.12699669233500002,0.03555257150576397,0.10408430261949794
32,2026072043,TRUE,0,0,,50,6100,122,122,122,33036.86263109279,27,75.0469331741333,0.27311475409836067,2.0669536729155427,1.1159948823614623,-0.009045015227523677,0.015252373682033847,0.9101212508435367,0.006262486435024006,-0.03658682988834973,0.6767224241893068,-0.0041381884706618785,0.07122137552692477,1.659612306075973,-0.01211936969017017,-0.07985889559811747,0.05962445034310548,0.035016545682863734,0.06747137872001091,0.049743602586597255,0.022314003271591238,0.05807727442333617,0.0924754462799479,0.050944672050502016,0.0980982903651636,0.12809312825122826,0.03584954831364718,0.10366420174023783
33,2026072044,TRUE,0,0,,50,6100,122,122,122,33277.88901187351,27,74.78877305984497,0.2818032786885246,2.0672346107217283,1.0933613591604263,0.008152242908308198,-0.027701569929941727,0.9420150133942242,0.003518881573878694,-0.06585326935585466,0.78277278172726406,-0.025609496564198447,0.0078107578838096416,1.9152480207749107,-0.042665622330982124,-0.002171137908295925,0.058527821940617335,0.02781030733400496,0.07216779239634585,0.04561577777457387,0.01949377726890648,0.05828058772975005,0.06694300846060712,0.03616214822061039,0.10355577671888533,0.12915132885277836,0.03688148192087892,0.10384327335677382
34,2026072045,TRUE,0,0,,50,6100,122,122,122,32957.15080786621,24,70.2932198047638,0.2904918032786885,2.0675166248531087,1.1153482122393146,-0.044284197928573875,0.05360725950949873,0.932583210417786,0.016039596718648023,0.03608806130189532,0.6358008372037889,0.03674834487448786,-0.003792508602916221,1.8388134114584067,-0.026063467941136644,0.028472682165063733,0.05103183972894522,0.026624241479555992,0.06450906941274069,0.04312759381011898,0.019642454316360698,0.04879331229108227,0.08366968196715537,0.03419606822794739,0.0756304708935048,0.12945804728480134,0.03644332685599848,0.10073088898278416
35,2026072046,TRUE,0,0,,50,6100,122,122,122,33207.89542886795,25,71.97689199447632,0.29065573770491804,2.0743929394560383,1.0802458284895609,0.002038373169966453,0.06940381048383813,0.9297058017484467,0.007150772096983402,-0.023250093973931713,0.7272038609187065,0.005255834341065725,-0.09747448641599697,1.8793974812202892,0.0064800663324407586,0.05010902336056624,0.0532078118293584,0.022461154618814597,0.06668833395891446,0.04316050831677725,0.017244023541032123,0.058545850040713575,0.06843112650226806,0.02923815237420731,0.10927219765422001,0.1271753069589808,0.036658207393053074,0.1041046409545206
36,2026072047,TRUE,0,0,,50,6100,122,122,122,33143.46310742406,22,49.14440608024597,0.2818032786885246,2.0689925604120316,1.116917652650044,-0.023884459011781545,0.0307872108361569,0.9188158652120334,0.03087534717922446,-0.07087901763136732,0.722477133365554,0.002380642614818487,-0.014595000404755847,2.0246258057248916,-0.00990835415779692,-0.041200485600735054,0.047450190274351864,0.017849387667342335,0.0657594864020009,0.04630103017963065,0.018138635899412787,0.051638715402144174,0.06268445183406786,0.022759079037122935,0.08681782159412137,0.1293592283693043,0.0370126988553016,0.10306739324912412
37,2026072048,TRUE,0,0,,50,6100,122,122,122,32887.846643080295,27,74.69201898574829,0.2842622950819672,2.0685822455331464,1.0796722494889128,-0.009214417473407325,-0.26549703845143313,0.8137826371072,0.0333282806629073,0.08765291561573901,0.6909602178815315,0.0022905811381864765,0.22816164221451551,1.9777150718408703,8.396814009567756e-4,-0.10197855757711816,0.050290460133141604,0.019090213220336175,0.08613522023200489,0.051008350278879545,0.01929236780295912,0.050273520573634156,0.0656923270295179,0.023988992139393386,0.0668942667268643,0.12413117967600172,0.03543273993812904,0.1054777617415269
38,2026072049,TRUE,0,0,,50,6100,122,122,122,33186.98133859034,25,72.64993500709534,0.2983606557377049,2.0667154076022296,1.079813978462496,-0.0093617666665621,-3.483548513560097e-4,0.8893851870785368,0.020415340952973364,-0.020836434505079222,0.7624431670590929,0.0020073687062774873,-0.0029404514355059297,2.0382721306334397,0.00852525492639268,-0.12897930713587788,0.05300336391716252,0.022174879537663887,0.07491810463838751,0.04923916727495478,0.019519376834451662,0.05633442745447542,0.06257448540626423,0.0256606339727617,0.08531494260008873,0.1272161808946797,0.036765491691450054,0.10246884568673273
39,2026072050,TRUE,0,0,,50,6100,122,122,122,32902.996349589674,26,73.95951700210571,0.28508196721311474,2.0678178434414196,1.0423333547321179,0.03500728205015382,-0.048060285960486705,0.8536413104091755,0.007375706686852489,-0.04205478806752874,0.7547804737452776,-0.04569725297496384,0.06531862153430879,1.9540231080805095,-0.027487421722786516,-0.1310010163161112,0.05109963242924253,0.017076973841911675,0.06654112924567628,0.04628644443467998,0.018620964922081297,0.06606390070020968,0.05481631116844687,0.02418028120795739,0.10267338271218539,0.12241902503830061,0.03550275731214835,0.1014717643847061
40,2026072051,TRUE,0,0,,50,6100,122,122,122,33158.28408602639,25,72.54799818992615,0.2860655737704918,2.0678600233772917,1.1271070704476127,0.0014449670274425805,0.009559916624279012,0.9366630107590918,-0.020289963824658138,0.0600446506749223,0.664502832012423,0.00871803888078503,-0.03912165632011181,2.0020075476473917,0.02112127619770839,0.11195607557161812,0.04975062647861988,0.019550829745663117,0.06716387661378094,0.043692276677971556,0.01886927180032291,0.06170659242239293,0.07483824291946375,0.030178892082275272,0.10911448848992306,0.12932575137076205,0.035726615232239634,0.10410561390578785
41,2026072052,TRUE,0,0,,50,6100,122,122,122,32962.45207605772,26,74.03707790374756,0.28950819672131145,2.0667175062924796,1.0620536646551686,0.025866738082103765,0.0968322770563576,0.8943065393587966,0.017901104337333395,-0.03530497063926353,0.7757648046749349,-0.05498133723974601,-0.3145354883828821,2.1470780599398354,-0.008153310609532597,-0.09096326164138893,0.04874356760438807,0.01613110161117084,0.0546406152653983,0.046437856160706635,0.018209359184971907,0.0549982146096271,0.05299705046043274,0.023656639460145033,0.19868855069912947,0.12526151713007724,0.0362048560473488,0.10115316592722205
42,2026072053,TRUE,0,0,,50,6100,122,122,122,33102.09707569373,23,70.35876393318176,0.2816393442622951,2.068697124089355,1.1508872066061482,8.241208007721189e-4,-0.04255763514682091,0.7622597210955846,0.04620311613152294,0.028325671359497605,0.7100615443944043,-0.019109108499166902,0.03851636371667884,2.01450574021111,-0.038705737182126033,0.031977399747663525,0.04194343032657973,0.017161246352709266,0.05993091317100317,0.054510228861327156,0.021497715868560682,0.05729574531267012,0.06225322601867102,0.027266187397227845,0.09567767322907603,0.12721763169205277,0.03503685351844941,0.1027889767642876
43,2026072054,TRUE,0,0,,50,6100,122,122,122,33107.848835284545,29,77.88078999519348,0.2940983606557377,2.0668497934674783,1.1815081963355845,0.007007910981429345,-0.08866629091502577,0.9723840343306449,-0.04303756078215512,0.10003219189033437,0.5248808887723354,0.03199050963917565,-0.00572360141548417,1.9522361217509463,-0.020889456746772745,0.05137907548905603,0.047938120656783274,0.02049717542681923,0.058626934796356396,0.04184966092230305,0.019264472348866208,0.056332704298710255,0.09958394552270879,0.04124923439522514,0.10844729837387464,0.13251454472128496,0.03580226935047306,0.10340904221027665
44,2026072055,TRUE,0,0,,50,6100,122,122,122,33052.684567994635,30,78.77200198173523,0.28262295081967215,2.0675437830830408,1.1688015826690492,0.014415840564021658,-0.03581940285210509,0.9369652835168084,-0.007563794039095966,-0.033862737178239934,0.6108067582293921,-0.025591392950042584,-0.019499331765015927,1.7609269507338676,-0.012166165459723753,0.13651232654587733,0.04437409547918692,0.01683971051314304,0.0610236656387185,0.04460515488675199,0.018865406549541025,0.060866526184500704,0.07894731517050989,0.036164010389423795,0.14402771199828063,0.1309055134730749,0.03552066904347443,0.10092454261205107
45,2026072056,TRUE,0,0,,50,6100,122,122,122,33094.55455631011,25,73.22003293037415,0.29032786885245904,2.0668537783870153,1.0456603144370005,0.020677753373724145,0.04796202012863097,0.8396927009085182,0.0116635793808668,0.0460309551485567,0.7813116034386097,-0.01096569210945169,-0.15355010048286616,1.8629559386144194,0.06136494741668182,-0.08734177779376787,0.053043572542047036,0.020537798434310722,0.06450049971146582,0.04947941493957508,0.020199264495992904,0.0608858242726627,0.057262695796918166,0.024702356306529425,0.11449254353639768,0.12253294708622747,0.03562568216857357,0.10375810649095564
46,2026072057,TRUE,0,0,,50,6100,122,122,122,33111.17325665693,25,52.834725856781006,0.28098360655737703,2.0689682344775067,1.1020895593451763,-0.02006161379229076,0.025264213808835957,0.8973314362519608,0.0095039167569037,0.019265109316967656,0.7314292030178167,0.017871948459433924,-0.09589726994379325,1.983864901971331,0.007857194420085284,-0.13833886828795672,0.048318247704060124,0.019833225697776333,0.06613903899380055,0.046721046394246464,0.020053502998957744,0.0562742517109293,0.062174320992677244,0.023311000377157366,0.08711108854915031,0.12864823276786488,0.03621271907767057,0.10296187941819504
47,2026072058,TRUE,0,0,,50,6100,122,122,122,32929.69737064889,27,76.58285093307495,0.2831147540983607,2.069585118161179,1.1801272647668473,-0.021231321437956484,-0.01600794134509153,0.9127532611712047,0.004935321164684175,-0.06429316120003152,0.5659290635037308,0.03475281849463908,-0.060108361739158324,2.015901541580997,-0.023095473374394593,-0.06820430023915659,0.04613786962268455,0.02228619815905895,0.057289886002550236,0.04567776206678517,0.0201344381814067,0.056494282257273466,0.09519462589627163,0.04049719121230605,0.09820841383878348,0.1318518806437371,0.035880966358283715,0.10010580437400692
48,2026072059,TRUE,0,0,,50,6100,122,122,122,32950.100113045046,23,69.22977995872498,0.28885245901639345,2.0672026734335,1.056579145026461,0.0010727091464830239,0.012890878192724298,0.9416266340897376,-0.004156559845102103,0.03133521006637393,0.6783994471206013,0.01477478852861429,-0.022076687440079915,1.9918351087509978,-0.009303436684466797,0.08588397774255964,0.0528892746634568,0.022951036808712477,0.07078899726168596,0.04016203743553714,0.016957187904971697,0.05581309432313462,0.06767655198404023,0.028864739557941718,0.09260487339202639,0.1247115217248677,0.03516683923261943,0.10209416794618989
49,2026072060,TRUE,0,0,,50,6100,122,122,122,33250.56418679258,27,73.69371795654297,0.2778688524590164,2.066899965756329,1.1415705007499195,-0.02082804189971392,0.053212739345141515,0.9126896097394152,0.0011513419532277157,0.02919932833321867,0.6678671677679232,0.034361123733087535,-0.09118707650285125,2.03223397461606,0.0060364242073580295,0.03584455287983887,0.04825404783181278,0.020000928745528872,0.06806983265469353,0.04549592849491299,0.01907357012229774,0.05873808338909892,0.07398452475020192,0.02720047884924855,0.09833269951800429,0.13060993290283773,0.03644902113477463,0.1057938794689911
50,2026072061,TRUE,0,0,,50,6100,122,122,122,33063.78967256426,27,75.23661804199219,0.2862295081967213,2.066716791432873,1.057472180778229,0.02962805555255422,-0.0616046253435753,0.9462492774725344,-0.011788428432876637,-0.010191360259640703,0.6709129175456556,-0.006138059413229244,0.09184529366583992,1.947095299036206,-0.06084753893367822,0.072784260845889,0.05774602152386267,0.02825271197959611,0.07453085147463602,0.04318517760623745,0.01993315404487177,0.05998862497392261,0.07459294294033289,0.04124037526851115,0.11135935434727122,0.12449181404395504,0.035985286528190226,0.10399739570708778
51,2026072062,TRUE,0,0,,50,6100,122,122,122,32873.13566247536,25,73.328439950943,0.28672131147540986,2.0672194987423156,1.124834060086365,-0.010474792973163756,-0.02069481999759179,0.8771789819141662,0.0060687529164158245,0.026322815048963687,0.5585890126038449,0.03900366456132781,0.06657441057155855,2.056062572048922,-0.049822251633211044,-0.00984934382724673,0.04442914924028972,0.018814833344784485,0.06605665329828357,0.043391760240815105,0.018724728497852377,0.05671515887004554,0.07964145692314335,0.02998995283433019,0.0884331678659772,0.12567736165796228,0.03471886157050528,0.10218384176561447
52,2026072063,TRUE,0,0,,50,6100,122,122,122,32877.84837780494,27,75.58143782615662,0.2883606557377049,2.067117219688559,1.051632561057459,0.01943890826040212,0.01562022366824165,0.8804635262159701,-0.0040712925715384015,0.054986050226129436,0.6937643886918835,0.0016293181414082725,-0.09737623946817212,2.0299508033772824,0.05917193228156718,-0.07717068750178184,0.05826514104552637,0.024216753042038356,0.06122578405176241,0.048287036962935334,0.02123445105780061,0.05697930196233516,0.07169368460786121,0.031147231252465112,0.10714027967727204,0.1225056360330413,0.034798361232071036,0.10209318693173046
53,2026072064,TRUE,0,0,,50,6100,122,122,122,32751.90100588898,26,73.49315190315247,0.2949180327868852,2.069125174851661,1.0001329373591439,0.03627988987534597,-0.033974460883886476,0.9334427669161065,-0.010895656062456363,-0.013055509749925169,0.7240116064753387,-0.035426149394765565,0.05014871526444606,1.9282979076943665,0.03172376402304704,-0.09812427483898646,0.057202129308860976,0.022126041724216217,0.06319258975063768,0.04251734844713595,0.018503064335974963,0.05674702205937755,0.060724564470878366,0.03038076629663479,0.0967717024973917,0.12157226795680681,0.036192133972752005,0.1003084665293514
54,2026072065,TRUE,0,0,,50,6100,122,122,122,32811.47411504696,24,71.29285502433777,0.28704918032786886,2.0690866150586924,1.0785795518379744,-0.001553905561949342,-0.029072122870528065,0.9226513843911659,-0.011755262427182415,0.02472104989207458,0.6306799095062965,0.017915895376049176,0.04316208225598761,2.051322462584353,-0.050189066504285985,-0.10407236868506635,0.04660244289622625,0.01716889326887435,0.06794226458195693,0.040428786627374196,0.017064797938779835,0.05676204710694859,0.06790286129855033,0.024863544918651823,0.08848837705369186,0.12516381743129115,0.03504367466452031,0.1012835503637975
55,2026072066,TRUE,0,0,,50,6100,122,122,122,33181.05396876022,25,73.10609698295593,0.2813114754098361,2.067547777884253,1.0261163651664145,0.03599574267405182,-0.05675577912646931,0.8707569935758362,0.023843145283176857,0.0012402597309602284,0.8307944094016987,-0.04543419136163055,0.0012413183034598186,2.0657185355382137,0.01550257992858632,0.09285274481635243,0.057988847947662514,0.0254613216616264,0.07555870566845294,0.0578568640374297,0.02298067490808635,0.05732798053269196,0.05505608343170928,0.03134397179497366,0.1039518042222838,0.12367158451482746,0.03689066553002374,0.10368000424397762
56,2026072067,TRUE,0,0,,50,6100,122,122,122,32993.23291543915,26,53.64342498779297,0.28327868852459015,2.0675622294488827,1.1009174466394211,-0.025652975662853,0.0872731575496993,0.9500692077470135,-0.001847985242494496,-0.028550669102947412,0.6294595020272858,0.04107657732014103,-0.07101184466319711,2.1899652636856226,-0.035686479754816425,0.03959874839087997,0.04687505675876023,0.01951514510068068,0.058913038670248614,0.04134797168807432,0.017442783335562886,0.052974452911941264,0.07335582325995489,0.02693645232568666,0.08451520419346727,0.12817248968461914,0.03599988962569026,0.10288826353367932
57,2026072068,TRUE,0,0,,50,6100,122,122,122,33003.10191921403,25,72.95202898979187,0.2824590163934426,2.066890073665127,1.143336546977351,-0.011641627939082192,-0.0069724145156183455,0.8504322333096821,0.016596321258527207,0.0665654500288538,0.6823716428300651,0.004823799746246018,-0.07882991830065919,1.9842166776502963,0.009579626445829003,-0.13460461305332258,0.04707269638075023,0.02032081906440829,0.06513200950065855,0.04941069542453031,0.020312059910926557,0.054954788731952434,0.07320870307237701,0.030745860859201092,0.10409887269758941,0.12875322057932495,0.0356966743541407,0.10262533872769745
58,2026072069,TRUE,0,0,,50,6100,122,122,122,32932.44780883745,26,73.24534797668457,0.2854098360655738,2.0686574670114015,1.055310518375199,-0.005180584655110706,0.1477078579160022,0.9370983293085904,0.010646154702739576,-0.1654271815176233,0.7407196493777911,-0.014319002877369412,-0.15074743442620764,1.833269983035334,0.0026443841166598706,-0.14820281809319324,0.05266343015865244,0.018902382117234304,0.06315385864130639,0.0445764983659335,0.01814637689773388,0.059637176369208754,0.06098771737585663,0.023901451518346693,0.12210001139521645,0.12618541252091034,0.0362526941805853,0.10240751479737352
59,2026072070,TRUE,0,0,,50,6100,122,122,122,33042.7265998981,24,70.63304901123047,0.2824590163934426,2.066796394158534,1.0245683672163233,-0.029282769337624966,0.13912296327862955,0.9294120445266509,0.013395549457839688,-0.09201264762692521,0.7763632430016182,0.01851941622402364,-0.12284364771750939,2.0912817673725783,-0.00651912077926176,-0.021473344823988518,0.060596607376774976,0.029383878086670683,0.07891222976259976,0.04554423962102564,0.01830091987620258,0.05812424534959099,0.06393081968765503,0.02746903448851774,0.08927926617113377,0.12559225974201682,0.03688561533838046,0.10413695211520325
60,2026072071,TRUE,0,0,,50,6100,122,122,122,32978.672851922856,29,77.12752985954285,0.2754098360655738,2.0666727443119117,1.1056538103024738,0.020167214940490227,-0.03868422177723965,0.9373254131038736,-0.010104728488591142,-0.07423996066860508,0.6344491899746689,-0.005942620192421995,0.019818645357525064,2.027430484298252,-0.04007440011170937,0.00911168941747334,0.0558352466982251,0.027173975973290458,0.06196535191376553,0.04420777813472568,0.02062412719337795,0.06130063687338359,0.08623353986215306,0.04517477398462829,0.10942290729141872,0.12670928602955994,0.03597846175798885,0.10343103396507417
61,2026072072,TRUE,0,0,,50,6100,122,122,122,33086.30195237884,24,72.12210607528687,0.29737704918032787,2.068439297703723,1.0836427671403783,-0.03789045980454741,0.03002421564741132,0.9683582399324251,0.008974064680543103,-0.0696225880314726,0.6462595667187023,0.06628415487140339,-0.08872793165496584,1.9244602906900432,-0.0033176007648968654,-0.08587342077108935,0.04896199368653133,0.02143304638610735,0.07671554552204354,0.042666799821778796,0.018054753580984916,0.053901299898249495,0.0680746382039564,0.023398269555435725,0.07541321816882418,0.129006269754491,0.03712376100342966,0.10304980673782489
62,2026072073,TRUE,0,0,,50,6100,122,122,122,32887.611182981884,25,73.39443302154541,0.28590163934426227,2.071591316076956,1.1205593308006763,-0.004988320302628151,-0.10203482012505732,0.9705654166185906,-0.02411852961328256,0.06736073092754342,0.5680700973411533,0.025692000596784788,0.10885249937957635,2.0518225192407025,-0.030030212746886116,-0.006179089258951656,0.04646782924727484,0.0174800438591532,0.06386526757931854,0.03939057218609645,0.016896622873713248,0.05398083201595185,0.07907620594071905,0.028143362248969142,0.08077725407378883,0.12890526977004127,0.03512335030117093,0.10275404630364739
63,2026072074,TRUE,0,0,,50,6100,122,122,122,33069.837918659454,26,74.81672406196594,0.29065573770491804,2.0715802029086263,1.0766089799353507,-0.0021052057731603927,0.09109280451865026,0.8475789630111059,0.034939773027098775,-0.017557673683098136,0.7391706610837603,-0.002142115164866032,-0.11440234328281018,2.1586327129317433,-0.03815700075804669,0.055259157796299516,0.05062291106366773,0.020930882291220487,0.06811307955738542,0.047899224176707784,0.020315233967131748,0.06172564542556335,0.061291738554387416,0.026178060956323947,0.11170324271309967,0.12443317519688467,0.03546334389943057,0.10393573639166091
64,2026072075,TRUE,0,0,,50,6100,122,122,122,33081.567160318344,26,75.36829113960266,0.28655737704918033,2.0670822868401655,1.1641722649101485,-0.0064578880273195955,-0.03357967491476649,0.8558116117737682,0.023252780496596584,0.05143245862565512,0.6411433922999106,-0.011807807183218808,0.10128637744380296,2.222031741307446,0.03592795531314683,-0.23246455766778032,0.047815045338468254,0.024662584810170814,0.06452424133122489,0.048532491023144636,0.019254362215958883,0.05533063254109614,0.08580530579510853,0.04521546789926828,0.1062781563406051,0.1293911272283002,0.035274753456346696,0.10253378021271818
65,2026072076,TRUE,0,0,,50,6100,122,122,122,33140.023494278474,23,70.67016506195068,0.28065573770491803,2.068015412493393,1.1340196211342521,-0.011957360662863535,-0.07400357016239519,0.92800996792844,0.006664015241168701,0.061518327928828415,0.667633841604072,0.02356674098158909,-0.035741451064251376,2.2138991650406434,-0.044644621738833844,0.04453130998289775,0.04582013397661848,0.017209052014752202,0.06762536820901571,0.04308339956099729,0.017348601187854622,0.05111220068379995,0.06820383270587077,0.02424413131350051,0.085378889308451,0.13026867644715348,0.03582327666980398,0.10317622345771463
66,2026072077,TRUE,0,0,,50,6100,122,122,122,33109.14475760047,26,53.561347007751465,0.2840983606557377,2.0712981087534144,1.0859735081984956,0.011938642976111748,-0.05049357864792331,0.9227808942434073,0.007416684781558571,-0.021211664194280208,0.693802148473528,-0.011868926203643425,0.1098326589293032,2.0994767007785353,-0.037796965375673564,-0.03152976678061824,0.05953519672078051,0.03092097223936836,0.0673323072339889,0.0463439763118375,0.01980226049542646,0.05632046470502384,0.08098737132993325,0.044252054790177,0.09333417435639976,0.12659124743779768,0.03606311226520642,0.10409894770795092
67,2026072078,TRUE,0,0,,50,6100,122,122,122,33134.69944915933,26,74.97508311271667,0.28885245901639345,2.0677891811059,1.063831677690597,0.0030760522374266917,0.14402453439632104,0.9574589857707985,-6.208044170669564e-4,-0.1375905784875871,0.6727141866420621,0.028135678607294767,-0.19177705019741279,1.7626567576900432,0.00870279014107264,0.1991020062425864,0.05239799924146632,0.021451794170328095,0.06690059323127688,0.042573382786645374,0.0184632597197219,0.06622152014166163,0.06863120304136139,0.02763262140237767,0.12531015751904112,0.12504322870325507,0.03576647427439658,0.10679618597052688
68,2026072079,TRUE,0,0,,50,6100,122,122,122,32893.26579234971,25,74.1847460269928,0.28147540983606556,2.0676698391537682,1.040747501783209,-0.016441392057738896,0.015671901980976368,0.9236963095644944,-0.020682657882436235,0.05651107300758875,0.719118575964392,0.023658024356550157,-0.030900649363426798,2.1158522925111156,0.006521139983595578,0.13023108736340908,0.05982401798710771,0.031667450658405226,0.07824420114785356,0.04380861381214284,0.019815202514225402,0.06080092926004892,0.07317672850315793,0.03369086955131523,0.08106575171467095,0.12471777561854569,0.035903925566156646,0.10274293469867617
69,2026072080,TRUE,0,0,,50,6100,122,122,122,33205.183145054776,26,75.48796010017395,0.2716393442622951,2.072024325044928,1.0655531966261338,0.003485324262134097,-0.004758317399567843,0.9459110209428315,0.008415952713331653,-0.0911412981306698,0.7533407626593922,-0.0038802854108213624,0.009035755288068907,2.008310934153661,-0.011885392581437206,0.037685684622573205,0.06086728505684872,0.02560034690896471,0.06751965948345534,0.04697768492808165,0.020054258733335835,0.05743061527444029,0.07008372948432494,0.02954998255149506,0.08403840059803272,0.12716197821371877,0.03691611240217908,0.10527595604199766
70,2026072081,TRUE,0,0,,50,6100,122,122,122,33138.04598305715,26,74.20197677612305,0.28475409836065574,2.0690134749743416,1.1294351750481313,-0.02093289487801817,-0.047042086202637924,0.9597411614575866,-0.006916827488431418,0.018257966428248854,0.6613591318507305,0.032443888566782264,-0.021390238426613317,2.058343849074471,0.048037043588008116,0.0694593246022702,0.05440644673669661,0.025662000931042685,0.06529461636053036,0.042925349583357655,0.01876729487957959,0.050338807742374606,0.08303166660586604,0.03392259711729861,0.07698087205242578,0.1310772711464173,0.036773701297815035,0.10378931485151782
71,2026072082,TRUE,0,0,,50,6100,122,122,122,33207.0913940162,27,81.980642080307,0.2880327868852459,2.0699843757362486,1.1432795139859262,-0.007798287016050138,-0.006255635853572635,0.9299892511688749,-0.010272556511500846,-0.04031483345386341,0.6218724044966477,0.031192923829889255,0.030337376843892552,2.136229941833044,-0.0028825477655838446,-0.14687027656294246,0.04924813020033851,0.023050298079976723,0.06139754511020657,0.042882845416824335,0.018897680399757654,0.05975065274309516,0.08333972807842376,0.03552636377887503,0.08765037523238092,0.1304524948526266,0.03610159495350135,0.104889409639785
72,2026072083,TRUE,0,0,,50,6100,122,122,122,33128.9330200159,27,82.7028820514679,0.28590163934426227,2.0674819192207754,1.163081541508178,-0.007445575829508637,-0.09980054557933002,0.955205851263645,-0.00659929764725707,0.04968184249485447,0.6194444984057427,0.00582782503408551,0.09615462083132531,2.0295148517201476,0.05607897181345574,-0.025959440398523437,0.0467785252957872,0.018679187578955356,0.06571399114875677,0.04389666594128271,0.018173376402902345,0.0515170658967799,0.07956654586924362,0.030823981103432863,0.09095810263332756,0.13214041320240116,0.03655998428141741,0.10386316040840059
73,2026072084,TRUE,0,0,,50,6100,122,122,122,33057.78937048861,27,80.93451404571533,0.28327868852459015,2.0682287869743354,1.1571121077898665,-0.028947453410212015,-0.018881437362097082,0.9387709948443757,-0.005417708884503335,0.007326820620109915,0.6034726981998589,0.04802077037833962,-0.05022365737308654,1.885575860455987,0.007855095189860639,-0.12416422097043314,0.045343291017684195,0.020272356281130974,0.0699810783820394,0.043656335588418194,0.018549964482774663,0.057155212737802774,0.08067414224642988,0.0301449788500584,0.09007580428015427,0.13221303012141639,0.03664150982886949,0.10206003666778551
74,2026072085,TRUE,0,0,,50,6100,122,122,122,33008.079605006715,25,79.40861797332764,0.2837704918032787,2.0695590366851473,1.1179423226084109,-0.010232115646283962,-0.06121215902679888,0.8586984682869656,-0.01330507486012449,0.17403651375646645,0.7000515223436354,0.014931003773901915,-0.03348459776630819,1.7544624558467246,0.021703482119763126,-0.015789731234753152,0.05068466643691496,0.024295377460148614,0.07128621307851771,0.04604139864923422,0.020365316131832192,0.05770921186353962,0.07237915602340482,0.03232847463725798,0.08737348124672727,0.12774025383603876,0.035100753116423904,0.10422486428754862
75,2026072086,TRUE,0,0,,50,6100,122,122,122,32887.60891393968,28,84.10861086845398,0.28688524590163933,2.068637289750147,1.02618762838449,0.021325373980621547,-0.05740379216144828,0.928658044864994,-0.015842288448317275,-0.0629585428591916,0.7227566557951,-0.013856100729177376,0.08863582694346789,2.013936446619018,0.0316136114945928,0.06533655394360327,0.06465032694483006,0.02920128393478394,0.06791406306460249,0.049235923179518026,0.022783472555829482,0.06520971938962261,0.07080027474701467,0.03461790985949141,0.08344575822481112,0.1230253152100935,0.03562069615531311,0.10165046325856955
76,2026072087,TRUE,0,0,,50,6100,122,122,122,33129.05237486372,27,56.48347496986389,0.28114754098360656,2.0685428030027952,1.2004308576881646,-0.013380068241846475,0.026074265155127174,0.8888335735588127,-0.003095910730579885,-0.014122358559765203,0.590216217565385,0.012179990395168363,-0.021571648355582042,2.382333332895611,-0.007047826068391596,-0.07939629838029244,0.040556874906280356,0.018040808382916714,0.06197994964420837,0.04447132177718397,0.0192961364923669,0.06402215053271616,0.08155137260875008,0.035074077122160534,0.1228551650870881,0.13225904209689818,0.03558240857161219,0.10331863225209274
77,2026072088,TRUE,0,0,,50,6100,122,122,122,33061.71745471197,24,77.01260590553284,0.28704918032786886,2.0673220222059627,1.1755210046620905,-0.037622249346048124,-0.003803486549132447,0.7883686462514273,0.053795343488544874,-0.03136916099473577,0.6346112952399228,0.0330471480271591,0.022015909646719966,1.6708580265824011,-0.04570649712530754,0.3002515618172653,0.04235711172816179,0.017799597462462884,0.06762230570528872,0.05346878655698747,0.02071608118330896,0.055532669034346845,0.07417119805213016,0.02653857688825725,0.0846804123827988,0.12976433886712954,0.035859705396210764,0.10362539608353748
78,2026072089,TRUE,0,0,,50,6100,122,122,122,32934.15757672519,24,77.77796912193298,0.2839344262295082,2.068653756316856,1.05939376945356,0.005622774676765699,-0.0533912861536389,0.9504517825689952,-0.012351563925716551,0.028570362676659685,0.6848013008317927,0.02409897984162721,-0.08878393897887818,1.9407280101131918,-0.030345557689483767,-0.07960253018456315,0.05098170919879805,0.02006410547039788,0.06570924695592295,0.03992100612209394,0.01717677876787658,0.0534965889778396,0.06580489065484384,0.025828331853892123,0.0870607996462627,0.12519277113500207,0.03561452756434645,0.10061532217225837
79,2026072090,TRUE,0,0,,50,6100,122,122,122,33030.97262212409,27,81.92587208747864,0.27885245901639344,2.0687170653375992,1.1586843804416431,7.55467337279076e-4,-0.05958470688048564,0.8570579161091715,0.013887107639423909,-0.003047690291453772,0.6839598318771831,-0.03049142521795239,0.08374287776950803,2.1223111418108296,-7.55864567386041e-4,0.04520931182191262,0.04462663763460302,0.01743544775195167,0.06507323136723207,0.049376857542734645,0.020168482198149044,0.06149906742962873,0.07077509607863718,0.030730606141502886,0.10702155399932615,0.12975149400661876,0.03529831499768471,0.10244881716436323
80,2026072091,TRUE,0,0,,50,6100,122,122,122,33181.69607742423,29,85.52231001853943,0.2845901639344262,2.067659298579838,1.0394393452115562,0.025865000551947456,0.03639971803757291,0.9364516001098818,-0.024553355262324363,0.035807984977575306,0.7530695743649188,0.001769823092103026,-0.14622439787474303,1.8791856751770744,0.032227507314110275,0.059042368363132654,0.05974114382580546,0.027508507173655657,0.06735658381152332,0.045095852466860806,0.020286771505658746,0.06592416350062008,0.06577990499760863,0.03315012659823953,0.11566722106477444,0.1249936221828732,0.036340808838630376,0.10475182853197469
81,2026072092,TRUE,0,0,,50,6100,122,122,122,32945.02457125842,27,88.70831418037415,0.28737704918032786,2.0680851956330417,1.0438831308182708,0.020735228792682806,0.04000104530743911,0.7829370800950385,0.01992781400091918,0.07381576091484647,0.8041513940262788,-0.031240391112392206,-0.13824252197678588,2.037749859558127,0.0014096184784059193,-0.07952035442798877,0.05941093317325126,0.029094051259638865,0.06082140144306943,0.060243674059887724,0.026746923144216516,0.05727978969774299,0.06006290708173656,0.03403874173382525,0.11120769624911765,0.12166721170440623,0.03528955688311838,0.10309764417189032
82,2026072093,TRUE,0,0,,50,6100,122,122,122,33095.77114541959,26,86.33419489860535,0.2772131147540984,2.0702389830776915,1.1834201972798961,-0.025525279921797928,-0.08679238697501894,0.9105931997603912,-0.013625647224143403,0.04619134411947373,0.5875806283482824,0.048115309482661794,0.008694441785946047,1.79327500438056,-0.010925062368020337,0.051451202286224365,0.046643321838120456,0.022391859166471597,0.06398017504092021,0.044667199810387845,0.020570005411909432,0.05673685574811259,0.09300949042832593,0.03705254695207416,0.08074861335710169,0.1321922987842701,0.03569250696732944,0.102572136046825
83,2026072094,TRUE,0,0,,50,6100,122,122,122,33129.11097182371,26,86.6006031036377,0.28688524590163933,2.067104958179243,1.0779806474472766,-0.043986896269434216,0.07718269138280918,0.8562711942913119,0.022328668046781967,-0.031074996441001836,0.7309911590017543,0.05452961864349071,-0.13661380981073884,1.9622281541986388,0.00916898997988943,-0.003768969981225717,0.048119939474968995,0.02201910411485596,0.08556814137050908,0.04793076367372205,0.020582819330512585,0.06202556593322268,0.061237688598523826,0.022393743755262898,0.08210640772367095,0.12610874573887676,0.03674318016534931,0.10532205558126659
84,2026072095,TRUE,0,0,,50,6100,122,122,122,32957.0497423852,25,85.97766089439392,0.2834426229508197,2.067023954469308,0.9666824715563523,0.059474316361354876,-0.22286802097654373,0.8854734956001257,-0.013654179534746402,0.03427452735587925,0.8822470805056944,-0.07462703946393111,0.09758776844311055,2.0542206061003316,-0.08576543928598342,0.04739011501034176,0.058823381266526295,0.0190310331624316,0.07507501534102466,0.04585741968713988,0.01989380795885074,0.06309364120990431,0.04391589636899278,0.022089985989761696,0.08330754343787199,0.12172049755547514,0.037360290430579764,0.1030298757254907
85,2026072096,TRUE,0,0,,50,6100,122,122,122,33044.07643392994,28,89.00903296470642,0.2824590163934426,2.0670430497837513,1.1177137269730535,6.724195603472271e-4,-0.012247633276121581,0.8844915804797232,0.013915026227797667,-0.011611363767688666,0.7019104490339498,-0.017241519589926518,0.03548009932551689,1.9446723415238085,0.027636850090494998,0.11040244505278958,0.055242342326483014,0.029987926184740707,0.06926778755101512,0.04783221394910153,0.020406386977189443,0.05744268874145961,0.08036509395111535,0.04628247129008892,0.11048516521049796,0.12798468320690834,0.03566195858460574,0.10218206134712073
86,2026072097,TRUE,0,0,,50,6100,122,122,122,33225.02350509876,27,54.50214099884033,0.28852459016393445,2.068815972735365,1.0759620937911443,0.019327557859249198,-3.4255479136436896e-4,0.8755743096843065,0.011396295426942505,-0.020364192419354533,0.8047381443099862,-0.028352819589713776,-0.08969770211722305,2.0175379934341215,0.004772219363645173,-0.009893264419199035,0.05432831899270311,0.02550856394190249,0.07127317399517538,0.04930960673485463,0.021936792951861534,0.0652208091858138,0.05923888126733641,0.03254204534707858,0.11191231478465952,0.12703111136011028,0.03655627134106316,0.10297154803646456
87,2026072098,TRUE,0,0,,50,6100,122,122,122,32875.91991009724,28,88.60599708557129,0.27967213114754097,2.069015135602558,1.1388545648506558,0.0035191761357932544,0.022072213209752882,0.8397888730847435,0.019675687124235737,-1.1710096280137687e-4,0.669839332567176,-0.028395666753348658,-0.05901332203915219,2.0160281733282286,0.03479585042992433,-0.12124293359490995,0.045033131604580584,0.020516536262742767,0.0557099509977349,0.04901069388870574,0.020151284527505472,0.05725170658953115,0.07187343901864027,0.037513057073310464,0.1232464828398895,0.1274830456402779,0.03515460944750291,0.10084710529086244
88,2026072099,TRUE,0,0,,50,6100,122,122,122,33031.82523482239,25,85.23852801322937,0.28918032786885245,2.0669301103249835,1.081083030613638,-0.011820539436359889,0.006085411228925572,0.8493142555428402,0.025153486853846354,-0.07820764081394375,0.7671174803083552,-0.003295053272352254,-0.01838685071422877,1.9910692332780158,0.06206521400826785,-0.12041719382527427,0.05124144909575908,0.020186132041547362,0.06610838375299415,0.05004746159119832,0.02038999297527734,0.060107950026596683,0.060122127583410116,0.023967601906049546,0.0808027579445779,0.12585849022302065,0.03607092185123472,0.102297719798301
89,2026072100,TRUE,0,0,,50,6100,122,122,122,33161.28985705248,28,88.70990014076233,0.28295081967213115,2.0668819630195987,1.0930814054653688,0.012315162117223692,0.040590950493658115,0.87402668049315,0.039364070370695545,-0.08581128673765161,0.7679177286728753,-0.029933154119731204,-0.12347355857138223,1.9741748748271088,0.06175432624212016,-0.00434578687853427,0.051518944065397726,0.02404616855563434,0.0729483363660473,0.053860168247310485,0.021657302188624362,0.05859286526939112,0.06220581985939589,0.03355983635552535,0.1347383947946822,0.1269209447557807,0.036648328269294754,0.10225565018456746
90,2026072101,TRUE,0,0,,50,6100,122,122,122,33061.66184449564,24,83.9820830821991,0.28065573770491803,2.0673285751871995,1.0775119190761349,-0.0072015362311818746,-0.11487360052051063,0.9349025430014605,0.007192289794192695,-0.040655552151015906,0.7024836497247449,0.00947060747424528,0.1148759078737392,2.1342923914326337,-0.045547548448815034,-0.03638302008770771,0.05046048145585082,0.02000515303121348,0.07694173959434188,0.04533291467820267,0.018752105813699287,0.055944340861200224,0.061852257256683585,0.0239159577226573,0.07463657937681269,0.12612207568147385,0.035756915102122595,0.10383841034902412
91,2026072102,TRUE,0,0,,50,6100,122,122,122,33096.4979133755,28,75.35308313369751,0.28098360655737703,2.067366078530919,1.1697399294449002,-0.011378506925587853,0.026472086659087405,0.9176200054038736,0.002816795024844651,-0.10936395013524199,0.6305751411273166,0.013054654168022461,-0.08113142700093982,2.0050053283182407,0.037269313116527196,-0.08348094562286798,0.042919883075838584,0.01678875018877953,0.0538299041921684,0.04453714358149918,0.017761319906859304,0.05884782296462363,0.07642331719454645,0.02908633017120958,0.10469256955308663,0.13124445401353332,0.03547825392204831,0.10192352469227196
92,2026072103,TRUE,0,0,,50,6100,122,122,122,33132.96222176915,25,71.44463992118835,0.2798360655737705,2.067224077061686,1.04802023632075,0.019465060294940318,-0.002944420321687926,0.9313009829925033,0.012532323192389148,-0.10888609934962609,0.7495156372081666,-0.018020493420315795,0.02156240419922744,1.9033710140317133,-0.014291340533785358,0.005454097863860758,0.05440855255992355,0.019697880566258995,0.06783808322623175,0.045273794327694794,0.01828801672920003,0.06349935711709499,0.060332248091728984,0.024673064030226774,0.0940269707182245,0.12555000136885922,0.03652162154614253,0.10355213982411951
93,2026072104,TRUE,0,0,,50,6100,122,122,122,33013.93725942452,27,73.05726790428162,0.2798360655737705,2.067971330894746,1.0996473558075925,0.015070646123007786,0.013777947883974882,1.0173728468121395,-0.04006945292282657,0.03523037170628328,0.6955107207547023,-0.029906523440723965,-0.09996370224180688,1.9411310517133504,-0.0010836412012946064,-0.1825545391515946,0.049145297430222765,0.01768208912344636,0.06598660192523487,0.041369397675948924,0.0166601674738291,0.058146291947619826,0.0660599122987549,0.029116057497783815,0.13767821427427634,0.13042894481012773,0.036392656826333115,0.10162384529860968
94,2026072105,TRUE,0,0,,50,6100,122,122,122,32873.151834838536,26,72.97570300102234,0.2662295081967213,2.067556218766549,1.1157781389706942,-0.025264570871200667,0.03860488930538244,0.9417622098511204,-0.0179020429330329,-0.019541458487534916,0.5924305487553265,0.04549521376526206,-0.023922336887767296,2.0085946783437927,0.06599615995644247,-0.08411021666215265,0.047970890964628546,0.021271502543787145,0.0646729276131876,0.04114863861995118,0.01832887127661097,0.059054898067153146,0.08344965049557398,0.03181007647382418,0.0881458151437754,0.12819027865352076,0.035413006235473755,0.10267588580927
95,2026072106,TRUE,0,0,,50,6100,122,122,122,33073.8587790717,28,75.49235510826111,0.28065573770491803,2.0673575194820537,1.0486767163540005,0.0178221027518444,-0.11534252034509843,0.9040384629061177,0.0016431799755749338,0.06578543416822488,0.7759214395153265,-0.02646391316000022,0.08572142779575379,2.1271842741712064,-0.014465215767992232,0.09150596060298857,0.054168409049853025,0.01986189198652675,0.0768498625325377,0.04815739651211417,0.019662547014008745,0.05840571257467213,0.057691811872832184,0.02457404547952465,0.08571052404577545,0.1255772088556214,0.03623338287615751,0.10390055174303042
96,2026072107,TRUE,0,0,,50,6100,122,122,122,33085.27345155404,27,54.48359203338623,0.29180327868852457,2.070161449211461,1.0782299868736627,-0.018111526575935094,0.009746001908141696,0.8834606222907553,-0.0011340829357701543,0.02605668630726712,0.7361339005266364,0.02154092105933047,-0.02910393492637888,1.9270183049477412,0.006607994318927818,0.0032196168882082737,0.051033902113547934,0.021436681857694505,0.07469740107644031,0.045402315826429875,0.01946488141264873,0.06205712023967107,0.0626498527073123,0.02459031980068116,0.08051985790241278,0.12607978612466714,0.0357575760817903,0.10414054771057786
97,2026072108,TRUE,0,0,,50,6100,122,122,122,33101.83056762023,29,76.41483497619629,0.28114754098360656,2.0714980187513143,1.1349606737056708,0.020270900268755075,-0.11475100957642613,0.8995363601015686,-0.004286318455187034,0.06813793414297062,0.6932940972030835,-0.0349882666880995,0.07585321137273841,2.049578792145258,-0.048874427480460475,0.16871795704465212,0.053409258833190504,0.023481695391326236,0.06226607312011565,0.046466062374228664,0.019814493848203777,0.056087964343129945,0.07701430777771931,0.040630478693453674,0.10732695920810019,0.12949450195950224,0.03641999395563333,0.10344987943973821
98,2026072109,TRUE,0,0,,50,6100,122,122,122,33054.7600536713,20,65.40152502059937,0.28262295081967215,2.0687289400883855,1.075641392668319,-0.021230862585893205,0.04266602902900222,0.8538775279116485,0.03959788664475945,0.05741802299254607,0.6931519883691319,0.026653900410363248,-0.007059647666726598,1.970155125419552,-0.048951636758231054,0.08655185392840285,0.05517066784471437,0.028658378151015348,0.07144410657995438,0.048411994568174826,0.019379028922755396,0.05072942105670055,0.07545882288404163,0.03342300391222265,0.08038711611754605,0.12457329211940986,0.03590307779029924,0.10434676290329128
99,2026072110,TRUE,0,0,,50,6100,122,122,122,32929.23895506117,25,71.96697497367859,0.2840983606557377,2.066721423002976,1.155670235085164,0.005189542132692507,-0.10099546131896824,0.8817354078044095,-0.0025444991948916835,0.08556463004049876,0.5867293446752309,-0.027244827278086112,0.25887750404418863,1.930017359458357,-0.009419481248865916,0.1929962688646408,0.0424009576472724,0.01802647053411448,0.06251839008896266,0.042861746458734494,0.018385651365527656,0.054907859823342786,0.07517884297345244,0.03765368434259639,0.11419039898601475,0.12775216946994805,0.03443442452118295,0.10245512754096965
100,2026072111,TRUE,0,0,,50,6100,122,122,122,32950.773168807624,26,72.16733193397522,0.28114754098360656,2.0692182428483497,1.12670352883431,0.02187368856031237,-0.0782643740112256,0.8524972202102925,0.005512165787295332,0.014438160833105443,0.613825186461758,-0.040774249214439784,0.27633473505271666,2.1286304854740044,0.01386131528930122,0.04860267213064082,0.04427644602708076,0.017494958011779114,0.06051414455272653,0.04511111167574034,0.020260973215580756,0.0604988443618567,0.06933243895570287,0.035401306008751056,0.11739495640957993,0.12579669104737398,0.03507212064058619,0.1044837739463166
